-- ============================================================================
-- Mangos4 conversion to MOP, phase 7: SUPPORT TABLES
--
-- Imports missing rows (schema-mapped where layouts differ) for:
--   areatrigger_tavern: +4
--   exploration_basexp: +5
--   mail_level_reward: +0
--   pet_levelstats: +0
--   pet_name_generation: +0
--   player_levelstats: +2495
--   player_xp_for_level: +5
--   playercreateinfo_action: +89
--   playercreateinfo_item: +1
--   reputation_spillover_template: +0
--   script_waypoint: +497
--   skill_discovery_template: +4
--   skill_extra_item_template: +0
--   skill_fishing_base_level: +4
--   spell_bonus_data: +116
--   spell_learn_spell: +2
--   spell_pet_auras: +0
--   achievement_reward: +66
--   areatrigger_teleport: +26
--   battleground_template: +5
--   instance_encounters: +0
--   instance_template: +15
--   npc_spellclick_spells: +475
--   playercreateinfo: +24
--   playercreateinfo_spell: +1445
--   spell_area: +193
--   spell_loot_template: +159
--   spell_proc_event: +53
--   spell_target_position: +36
--   spell_threat: +18
--   transports: +1
--   reputation_reward_rate: +0
--   disables: +162
--   pools: 0 templates / 0+0 members
--   battlemaster_entry: +3
--
-- ============================================================================
SET NAMES utf8;
SET FOREIGN_KEY_CHECKS=0;
SET SQL_MODE='';

-- ---------------------------------------------------------------- WIPE (idempotency guards)
-- cleanup of zero-coerced placeholder rows from a previous apply
DELETE FROM `player_levelstats` WHERE `race`=0 AND `class`=0;
DELETE FROM `pet_levelstats` WHERE `creature_entry`=0;
DELETE FROM `areatrigger_tavern` WHERE (id) IN ((7983),(8107),(8442),(8579));
DELETE FROM `exploration_basexp` WHERE (LEVEL) IN ((85),(86),(87),(88),(89));
DELETE FROM `player_levelstats` WHERE (race,class,LEVEL) IN ((1,1,86),(1,1,87),(1,1,88),(1,1,89),(1,1,90),(1,10,1),(1,10,10),(1,10,11),(1,10,12),(1,10,13),(1,10,14),(1,10,15),(1,10,16),(1,10,17),(1,10,18),(1,10,19),(1,10,2),(1,10,20),(1,10,21),(1,10,22),(1,10,23),(1,10,24),(1,10,25),(1,10,26),(1,10,27),(1,10,28),(1,10,29),(1,10,3),(1,10,30),(1,10,31),(1,10,32),(1,10,33),(1,10,34),(1,10,35),(1,10,36),(1,10,37),(1,10,38),(1,10,39),(1,10,4),(1,10,40),(1,10,41),(1,10,42),(1,10,43),(1,10,44),(1,10,45),(1,10,46),(1,10,47),(1,10,48),(1,10,49),(1,10,5),(1,10,50),(1,10,51),(1,10,52),(1,10,53),(1,10,54),(1,10,55),(1,10,56),(1,10,57),(1,10,58),(1,10,59),(1,10,6),(1,10,60),(1,10,61),(1,10,62),(1,10,63),(1,10,64),(1,10,65),(1,10,66),(1,10,67),(1,10,68),(1,10,69),(1,10,7),(1,10,70),(1,10,71),(1,10,72),(1,10,73),(1,10,74),(1,10,75),(1,10,76),(1,10,77),(1,10,78),(1,10,79),(1,10,8),(1,10,80),(1,10,86),(1,10,87),(1,10,88),(1,10,89),(1,10,9),(1,10,90),(1,2,86),(1,2,87),(1,2,88),(1,2,89),(1,2,90),(1,3,86),(1,3,87),(1,3,88),(1,3,89),(1,3,90),(1,4,86),(1,4,87),(1,4,88),(1,4,89),(1,4,90),(1,5,86),(1,5,87),(1,5,88),(1,5,89),(1,5,90),(1,6,86),(1,6,87),(1,6,88),(1,6,89),(1,6,90),(1,8,86),(1,8,87),(1,8,88),(1,8,89),(1,8,90),(1,9,86),(1,9,87),(1,9,88),(1,9,89),(1,9,90),(10,1,86),(10,1,87),(10,1,88),(10,1,89),(10,1,90),(10,10,1),(10,10,10),(10,10,11),(10,10,12),(10,10,13),(10,10,14),(10,10,15),(10,10,16),(10,10,17),(10,10,18),(10,10,19),(10,10,2),(10,10,20),(10,10,21),(10,10,22),(10,10,23),(10,10,24),(10,10,25),(10,10,26),(10,10,27),(10,10,28),(10,10,29),(10,10,3),(10,10,30),(10,10,31),(10,10,32),(10,10,33),(10,10,34),(10,10,35),(10,10,36),(10,10,37),(10,10,38),(10,10,39),(10,10,4),(10,10,40),(10,10,41),(10,10,42),(10,10,43),(10,10,44),(10,10,45),(10,10,46),(10,10,47),(10,10,48),(10,10,49),(10,10,5),(10,10,50),(10,10,51),(10,10,52),(10,10,53),(10,10,54),(10,10,55),(10,10,56),(10,10,57),(10,10,58),(10,10,59),(10,10,6),(10,10,60),(10,10,61),(10,10,62),(10,10,63),(10,10,64),(10,10,65),(10,10,66),(10,10,67),(10,10,68),(10,10,69),(10,10,7),(10,10,70),(10,10,71),(10,10,72),(10,10,73),(10,10,74),(10,10,75),(10,10,76),(10,10,77),(10,10,78),(10,10,79),(10,10,8),(10,10,80),(10,10,86),(10,10,87),(10,10,88),(10,10,89),(10,10,9),(10,10,90),(10,2,86),(10,2,87),(10,2,88),(10,2,89),(10,2,90),(10,3,86),(10,3,87),(10,3,88),(10,3,89),(10,3,90),(10,4,86),(10,4,87),(10,4,88),(10,4,89),(10,4,90),(10,5,86),(10,5,87),(10,5,88),(10,5,89),(10,5,90),(10,6,86),(10,6,87),(10,6,88),(10,6,89),(10,6,90),(10,8,86),(10,8,87),(10,8,88),(10,8,89),(10,8,90),(10,9,86),(10,9,87),(10,9,88),(10,9,89),(10,9,90),(11,1,86),(11,1,87),(11,1,88),(11,1,89),(11,1,90),(11,10,1),(11,10,10),(11,10,11),(11,10,12),(11,10,13),(11,10,14),(11,10,15),(11,10,16),(11,10,17),(11,10,18),(11,10,19),(11,10,2),(11,10,20),(11,10,21),(11,10,22),(11,10,23),(11,10,24),(11,10,25),(11,10,26),(11,10,27),(11,10,28),(11,10,29),(11,10,3),(11,10,30),(11,10,31),(11,10,32),(11,10,33),(11,10,34),(11,10,35),(11,10,36),(11,10,37),(11,10,38),(11,10,39),(11,10,4),(11,10,40),(11,10,41),(11,10,42),(11,10,43),(11,10,44),(11,10,45),(11,10,46),(11,10,47),(11,10,48),(11,10,49),(11,10,5),(11,10,50),(11,10,51),(11,10,52),(11,10,53),(11,10,54),(11,10,55),(11,10,56),(11,10,57),(11,10,58),(11,10,59),(11,10,6),(11,10,60),(11,10,61),(11,10,62),(11,10,63),(11,10,64),(11,10,65),(11,10,66),(11,10,67),(11,10,68),(11,10,69),(11,10,7),(11,10,70),(11,10,71),(11,10,72),(11,10,73),(11,10,74),(11,10,75),(11,10,76),(11,10,77),(11,10,78),(11,10,79),(11,10,8),(11,10,80),(11,10,86),(11,10,87),(11,10,88),(11,10,89),(11,10,9),(11,10,90),(11,2,86),(11,2,87),(11,2,88),(11,2,89),(11,2,90),(11,3,86),(11,3,87),(11,3,88),(11,3,89),(11,3,90),(11,5,86),(11,5,87),(11,5,88),(11,5,89),(11,5,90),(11,6,86),(11,6,87),(11,6,88),(11,6,89),(11,6,90),(11,7,86),(11,7,87),(11,7,88),(11,7,89),(11,7,90),(11,8,86),(11,8,87),(11,8,88),(11,8,89),(11,8,90),(2,1,86),(2,1,87),(2,1,88),(2,1,89),(2,1,90),(2,10,1),(2,10,10),(2,10,11),(2,10,12),(2,10,13),(2,10,14),(2,10,15),(2,10,16),(2,10,17),(2,10,18),(2,10,19),(2,10,2),(2,10,20),(2,10,21),(2,10,22),(2,10,23),(2,10,24),(2,10,25),(2,10,26),(2,10,27),(2,10,28),(2,10,29),(2,10,3),(2,10,30),(2,10,31));
DELETE FROM `player_levelstats` WHERE (race,class,LEVEL) IN ((2,10,32),(2,10,33),(2,10,34),(2,10,35),(2,10,36),(2,10,37),(2,10,38),(2,10,39),(2,10,4),(2,10,40),(2,10,41),(2,10,42),(2,10,43),(2,10,44),(2,10,45),(2,10,46),(2,10,47),(2,10,48),(2,10,49),(2,10,5),(2,10,50),(2,10,51),(2,10,52),(2,10,53),(2,10,54),(2,10,55),(2,10,56),(2,10,57),(2,10,58),(2,10,59),(2,10,6),(2,10,60),(2,10,61),(2,10,62),(2,10,63),(2,10,64),(2,10,65),(2,10,66),(2,10,67),(2,10,68),(2,10,69),(2,10,7),(2,10,70),(2,10,71),(2,10,72),(2,10,73),(2,10,74),(2,10,75),(2,10,76),(2,10,77),(2,10,78),(2,10,79),(2,10,8),(2,10,80),(2,10,86),(2,10,87),(2,10,88),(2,10,89),(2,10,9),(2,10,90),(2,3,86),(2,3,87),(2,3,88),(2,3,89),(2,3,90),(2,4,86),(2,4,87),(2,4,88),(2,4,89),(2,4,90),(2,6,86),(2,6,87),(2,6,88),(2,6,89),(2,6,90),(2,7,86),(2,7,87),(2,7,88),(2,7,89),(2,7,90),(2,8,86),(2,8,87),(2,8,88),(2,8,89),(2,8,90),(2,9,86),(2,9,87),(2,9,88),(2,9,89),(2,9,90),(22,1,86),(22,1,87),(22,1,88),(22,1,89),(22,1,90),(22,11,86),(22,11,87),(22,11,88),(22,11,89),(22,11,90),(22,3,86),(22,3,87),(22,3,88),(22,3,89),(22,3,90),(22,4,86),(22,4,87),(22,4,88),(22,4,89),(22,4,90),(22,5,86),(22,5,87),(22,5,88),(22,5,89),(22,5,90),(22,6,86),(22,6,87),(22,6,88),(22,6,89),(22,6,90),(22,8,86),(22,8,87),(22,8,88),(22,8,89),(22,8,90),(22,9,86),(22,9,87),(22,9,88),(22,9,89),(22,9,90),(25,1,1),(25,1,10),(25,1,11),(25,1,12),(25,1,13),(25,1,14),(25,1,15),(25,1,16),(25,1,17),(25,1,18),(25,1,19),(25,1,2),(25,1,20),(25,1,21),(25,1,22),(25,1,23),(25,1,24),(25,1,25),(25,1,26),(25,1,27),(25,1,28),(25,1,29),(25,1,3),(25,1,30),(25,1,31),(25,1,32),(25,1,33),(25,1,34),(25,1,35),(25,1,36),(25,1,37),(25,1,38),(25,1,39),(25,1,4),(25,1,40),(25,1,41),(25,1,42),(25,1,43),(25,1,44),(25,1,45),(25,1,46),(25,1,47),(25,1,48),(25,1,49),(25,1,5),(25,1,50),(25,1,51),(25,1,52),(25,1,53),(25,1,54),(25,1,55),(25,1,56),(25,1,57),(25,1,58),(25,1,59),(25,1,6),(25,1,60),(25,1,61),(25,1,62),(25,1,63),(25,1,64),(25,1,65),(25,1,66),(25,1,67),(25,1,68),(25,1,69),(25,1,7),(25,1,70),(25,1,71),(25,1,72),(25,1,73),(25,1,74),(25,1,75),(25,1,76),(25,1,77),(25,1,78),(25,1,79),(25,1,8),(25,1,80),(25,1,86),(25,1,87),(25,1,88),(25,1,89),(25,1,9),(25,1,90),(25,10,1),(25,10,10),(25,10,11),(25,10,12),(25,10,13),(25,10,14),(25,10,15),(25,10,16),(25,10,17),(25,10,18),(25,10,19),(25,10,2),(25,10,20),(25,10,21),(25,10,22),(25,10,23),(25,10,24),(25,10,25),(25,10,26),(25,10,27),(25,10,28),(25,10,29),(25,10,3),(25,10,30),(25,10,31),(25,10,32),(25,10,33),(25,10,34),(25,10,35),(25,10,36),(25,10,37),(25,10,38),(25,10,39),(25,10,4),(25,10,40),(25,10,41),(25,10,42),(25,10,43),(25,10,44),(25,10,45),(25,10,46),(25,10,47),(25,10,48),(25,10,49),(25,10,5),(25,10,50),(25,10,51),(25,10,52),(25,10,53),(25,10,54),(25,10,55),(25,10,56),(25,10,57),(25,10,58),(25,10,59),(25,10,6),(25,10,60),(25,10,61),(25,10,62),(25,10,63),(25,10,64),(25,10,65),(25,10,66),(25,10,67),(25,10,68),(25,10,69),(25,10,7),(25,10,70),(25,10,71),(25,10,72),(25,10,73),(25,10,74),(25,10,75),(25,10,76),(25,10,77),(25,10,78),(25,10,79),(25,10,8),(25,10,80),(25,10,86),(25,10,87),(25,10,88),(25,10,89),(25,10,9),(25,10,90),(25,3,1),(25,3,10),(25,3,11),(25,3,12),(25,3,13),(25,3,14),(25,3,15),(25,3,16),(25,3,17),(25,3,18),(25,3,19),(25,3,2),(25,3,20),(25,3,21),(25,3,22),(25,3,23),(25,3,24),(25,3,25),(25,3,26),(25,3,27),(25,3,28),(25,3,29),(25,3,3),(25,3,30),(25,3,31),(25,3,32),(25,3,33),(25,3,34),(25,3,35),(25,3,36),(25,3,37),(25,3,38),(25,3,39),(25,3,4),(25,3,40),(25,3,41),(25,3,42),(25,3,43),(25,3,44),(25,3,45),(25,3,46),(25,3,47),(25,3,48),(25,3,49),(25,3,5),(25,3,50),(25,3,51),(25,3,52),(25,3,53),(25,3,54),(25,3,55),(25,3,56),(25,3,57),(25,3,58),(25,3,59),(25,3,6),(25,3,60),(25,3,61),(25,3,62),(25,3,63),(25,3,64),(25,3,65),(25,3,66),(25,3,67),(25,3,68),(25,3,69),(25,3,7),(25,3,70),(25,3,71),(25,3,72),(25,3,73),(25,3,74),(25,3,75),(25,3,76),(25,3,77),(25,3,78),(25,3,79),(25,3,8),(25,3,80),(25,3,86),(25,3,87),(25,3,88),(25,3,89),(25,3,9),(25,3,90),(25,4,1),(25,4,10),(25,4,11),(25,4,12),(25,4,13),(25,4,14),(25,4,15),(25,4,16),(25,4,17),(25,4,18),(25,4,19),(25,4,2),(25,4,20),(25,4,21),(25,4,22));
DELETE FROM `player_levelstats` WHERE (race,class,LEVEL) IN ((25,4,23),(25,4,24),(25,4,25),(25,4,26),(25,4,27),(25,4,28),(25,4,29),(25,4,3),(25,4,30),(25,4,31),(25,4,32),(25,4,33),(25,4,34),(25,4,35),(25,4,36),(25,4,37),(25,4,38),(25,4,39),(25,4,4),(25,4,40),(25,4,41),(25,4,42),(25,4,43),(25,4,44),(25,4,45),(25,4,46),(25,4,47),(25,4,48),(25,4,49),(25,4,5),(25,4,50),(25,4,51),(25,4,52),(25,4,53),(25,4,54),(25,4,55),(25,4,56),(25,4,57),(25,4,58),(25,4,59),(25,4,6),(25,4,60),(25,4,61),(25,4,62),(25,4,63),(25,4,64),(25,4,65),(25,4,66),(25,4,67),(25,4,68),(25,4,69),(25,4,7),(25,4,70),(25,4,71),(25,4,72),(25,4,73),(25,4,74),(25,4,75),(25,4,76),(25,4,77),(25,4,78),(25,4,79),(25,4,8),(25,4,80),(25,4,86),(25,4,87),(25,4,88),(25,4,89),(25,4,9),(25,4,90),(25,5,1),(25,5,10),(25,5,11),(25,5,12),(25,5,13),(25,5,14),(25,5,15),(25,5,16),(25,5,17),(25,5,18),(25,5,19),(25,5,2),(25,5,20),(25,5,21),(25,5,22),(25,5,23),(25,5,24),(25,5,25),(25,5,26),(25,5,27),(25,5,28),(25,5,29),(25,5,3),(25,5,30),(25,5,31),(25,5,32),(25,5,33),(25,5,34),(25,5,35),(25,5,36),(25,5,37),(25,5,38),(25,5,39),(25,5,4),(25,5,40),(25,5,41),(25,5,42),(25,5,43),(25,5,44),(25,5,45),(25,5,46),(25,5,47),(25,5,48),(25,5,49),(25,5,5),(25,5,50),(25,5,51),(25,5,52),(25,5,53),(25,5,54),(25,5,55),(25,5,56),(25,5,57),(25,5,58),(25,5,59),(25,5,6),(25,5,60),(25,5,61),(25,5,62),(25,5,63),(25,5,64),(25,5,65),(25,5,66),(25,5,67),(25,5,68),(25,5,69),(25,5,7),(25,5,70),(25,5,71),(25,5,72),(25,5,73),(25,5,74),(25,5,75),(25,5,76),(25,5,77),(25,5,78),(25,5,79),(25,5,8),(25,5,80),(25,5,86),(25,5,87),(25,5,88),(25,5,89),(25,5,9),(25,5,90),(25,7,1),(25,7,10),(25,7,11),(25,7,12),(25,7,13),(25,7,14),(25,7,15),(25,7,16),(25,7,17),(25,7,18),(25,7,19),(25,7,2),(25,7,20),(25,7,21),(25,7,22),(25,7,23),(25,7,24),(25,7,25),(25,7,26),(25,7,27),(25,7,28),(25,7,29),(25,7,3),(25,7,30),(25,7,31),(25,7,32),(25,7,33),(25,7,34),(25,7,35),(25,7,36),(25,7,37),(25,7,38),(25,7,39),(25,7,4),(25,7,40),(25,7,41),(25,7,42),(25,7,43),(25,7,44),(25,7,45),(25,7,46),(25,7,47),(25,7,48),(25,7,49),(25,7,5),(25,7,50),(25,7,51),(25,7,52),(25,7,53),(25,7,54),(25,7,55),(25,7,56),(25,7,57),(25,7,58),(25,7,59),(25,7,6),(25,7,60),(25,7,61),(25,7,62),(25,7,63),(25,7,64),(25,7,65),(25,7,66),(25,7,67),(25,7,68),(25,7,69),(25,7,7),(25,7,70),(25,7,71),(25,7,72),(25,7,73),(25,7,74),(25,7,75),(25,7,76),(25,7,77),(25,7,78),(25,7,79),(25,7,8),(25,7,80),(25,7,86),(25,7,87),(25,7,88),(25,7,89),(25,7,9),(25,7,90),(25,8,1),(25,8,10),(25,8,11),(25,8,12),(25,8,13),(25,8,14),(25,8,15),(25,8,16),(25,8,17),(25,8,18),(25,8,19),(25,8,2),(25,8,20),(25,8,21),(25,8,22),(25,8,23),(25,8,24),(25,8,25),(25,8,26),(25,8,27),(25,8,28),(25,8,29),(25,8,3),(25,8,30),(25,8,31),(25,8,32),(25,8,33),(25,8,34),(25,8,35),(25,8,36),(25,8,37),(25,8,38),(25,8,39),(25,8,4),(25,8,40),(25,8,41),(25,8,42),(25,8,43),(25,8,44),(25,8,45),(25,8,46),(25,8,47),(25,8,48),(25,8,49),(25,8,5),(25,8,50),(25,8,51),(25,8,52),(25,8,53),(25,8,54),(25,8,55),(25,8,56),(25,8,57),(25,8,58),(25,8,59),(25,8,6),(25,8,60),(25,8,61),(25,8,62),(25,8,63),(25,8,64),(25,8,65),(25,8,66),(25,8,67),(25,8,68),(25,8,69),(25,8,7),(25,8,70),(25,8,71),(25,8,72),(25,8,73),(25,8,74),(25,8,75),(25,8,76),(25,8,77),(25,8,78),(25,8,79),(25,8,8),(25,8,80),(25,8,86),(25,8,87),(25,8,88),(25,8,89),(25,8,9),(25,8,90),(26,1,1),(26,1,10),(26,1,11),(26,1,12),(26,1,13),(26,1,14),(26,1,15),(26,1,16),(26,1,17),(26,1,18),(26,1,19),(26,1,2),(26,1,20),(26,1,21),(26,1,22),(26,1,23),(26,1,24),(26,1,25),(26,1,26),(26,1,27),(26,1,28),(26,1,29),(26,1,3),(26,1,30),(26,1,31),(26,1,32),(26,1,33),(26,1,34),(26,1,35),(26,1,36),(26,1,37),(26,1,38),(26,1,39),(26,1,4),(26,1,40),(26,1,41),(26,1,42),(26,1,43),(26,1,44),(26,1,45),(26,1,46),(26,1,47),(26,1,48),(26,1,49),(26,1,5),(26,1,50),(26,1,51),(26,1,52),(26,1,53),(26,1,54),(26,1,55),(26,1,56),(26,1,57),(26,1,58),(26,1,59),(26,1,6),(26,1,60),(26,1,61),(26,1,62),(26,1,63),(26,1,64),(26,1,65),(26,1,66),(26,1,67),(26,1,68),(26,1,69),(26,1,7),(26,1,70),(26,1,71),(26,1,72),(26,1,73),(26,1,74),(26,1,75),(26,1,76),(26,1,77));
DELETE FROM `player_levelstats` WHERE (race,class,LEVEL) IN ((26,1,78),(26,1,79),(26,1,8),(26,1,80),(26,1,86),(26,1,87),(26,1,88),(26,1,89),(26,1,9),(26,1,90),(26,10,1),(26,10,10),(26,10,11),(26,10,12),(26,10,13),(26,10,14),(26,10,15),(26,10,16),(26,10,17),(26,10,18),(26,10,19),(26,10,2),(26,10,20),(26,10,21),(26,10,22),(26,10,23),(26,10,24),(26,10,25),(26,10,26),(26,10,27),(26,10,28),(26,10,29),(26,10,3),(26,10,30),(26,10,31),(26,10,32),(26,10,33),(26,10,34),(26,10,35),(26,10,36),(26,10,37),(26,10,38),(26,10,39),(26,10,4),(26,10,40),(26,10,41),(26,10,42),(26,10,43),(26,10,44),(26,10,45),(26,10,46),(26,10,47),(26,10,48),(26,10,49),(26,10,5),(26,10,50),(26,10,51),(26,10,52),(26,10,53),(26,10,54),(26,10,55),(26,10,56),(26,10,57),(26,10,58),(26,10,59),(26,10,6),(26,10,60),(26,10,61),(26,10,62),(26,10,63),(26,10,64),(26,10,65),(26,10,66),(26,10,67),(26,10,68),(26,10,69),(26,10,7),(26,10,70),(26,10,71),(26,10,72),(26,10,73),(26,10,74),(26,10,75),(26,10,76),(26,10,77),(26,10,78),(26,10,79),(26,10,8),(26,10,80),(26,10,86),(26,10,87),(26,10,88),(26,10,89),(26,10,9),(26,10,90),(26,3,1),(26,3,10),(26,3,11),(26,3,12),(26,3,13),(26,3,14),(26,3,15),(26,3,16),(26,3,17),(26,3,18),(26,3,19),(26,3,2),(26,3,20),(26,3,21),(26,3,22),(26,3,23),(26,3,24),(26,3,25),(26,3,26),(26,3,27),(26,3,28),(26,3,29),(26,3,3),(26,3,30),(26,3,31),(26,3,32),(26,3,33),(26,3,34),(26,3,35),(26,3,36),(26,3,37),(26,3,38),(26,3,39),(26,3,4),(26,3,40),(26,3,41),(26,3,42),(26,3,43),(26,3,44),(26,3,45),(26,3,46),(26,3,47),(26,3,48),(26,3,49),(26,3,5),(26,3,50),(26,3,51),(26,3,52),(26,3,53),(26,3,54),(26,3,55),(26,3,56),(26,3,57),(26,3,58),(26,3,59),(26,3,6),(26,3,60),(26,3,61),(26,3,62),(26,3,63),(26,3,64),(26,3,65),(26,3,66),(26,3,67),(26,3,68),(26,3,69),(26,3,7),(26,3,70),(26,3,71),(26,3,72),(26,3,73),(26,3,74),(26,3,75),(26,3,76),(26,3,77),(26,3,78),(26,3,79),(26,3,8),(26,3,80),(26,3,86),(26,3,87),(26,3,88),(26,3,89),(26,3,9),(26,3,90),(26,4,1),(26,4,10),(26,4,11),(26,4,12),(26,4,13),(26,4,14),(26,4,15),(26,4,16),(26,4,17),(26,4,18),(26,4,19),(26,4,2),(26,4,20),(26,4,21),(26,4,22),(26,4,23),(26,4,24),(26,4,25),(26,4,26),(26,4,27),(26,4,28),(26,4,29),(26,4,3),(26,4,30),(26,4,31),(26,4,32),(26,4,33),(26,4,34),(26,4,35),(26,4,36),(26,4,37),(26,4,38),(26,4,39),(26,4,4),(26,4,40),(26,4,41),(26,4,42),(26,4,43),(26,4,44),(26,4,45),(26,4,46),(26,4,47),(26,4,48),(26,4,49),(26,4,5),(26,4,50),(26,4,51),(26,4,52),(26,4,53),(26,4,54),(26,4,55),(26,4,56),(26,4,57),(26,4,58),(26,4,59),(26,4,6),(26,4,60),(26,4,61),(26,4,62),(26,4,63),(26,4,64),(26,4,65),(26,4,66),(26,4,67),(26,4,68),(26,4,69),(26,4,7),(26,4,70),(26,4,71),(26,4,72),(26,4,73),(26,4,74),(26,4,75),(26,4,76),(26,4,77),(26,4,78),(26,4,79),(26,4,8),(26,4,80),(26,4,86),(26,4,87),(26,4,88),(26,4,89),(26,4,9),(26,4,90),(26,5,1),(26,5,10),(26,5,11),(26,5,12),(26,5,13),(26,5,14),(26,5,15),(26,5,16),(26,5,17),(26,5,18),(26,5,19),(26,5,2),(26,5,20),(26,5,21),(26,5,22),(26,5,23),(26,5,24),(26,5,25),(26,5,26),(26,5,27),(26,5,28),(26,5,29),(26,5,3),(26,5,30),(26,5,31),(26,5,32),(26,5,33),(26,5,34),(26,5,35),(26,5,36),(26,5,37),(26,5,38),(26,5,39),(26,5,4),(26,5,40),(26,5,41),(26,5,42),(26,5,43),(26,5,44),(26,5,45),(26,5,46),(26,5,47),(26,5,48),(26,5,49),(26,5,5),(26,5,50),(26,5,51),(26,5,52),(26,5,53),(26,5,54),(26,5,55),(26,5,56),(26,5,57),(26,5,58),(26,5,59),(26,5,6),(26,5,60),(26,5,61),(26,5,62),(26,5,63),(26,5,64),(26,5,65),(26,5,66),(26,5,67),(26,5,68),(26,5,69),(26,5,7),(26,5,70),(26,5,71),(26,5,72),(26,5,73),(26,5,74),(26,5,75),(26,5,76),(26,5,77),(26,5,78),(26,5,79),(26,5,8),(26,5,80),(26,5,86),(26,5,87),(26,5,88),(26,5,89),(26,5,9),(26,5,90),(26,7,1),(26,7,10),(26,7,11),(26,7,12),(26,7,13),(26,7,14),(26,7,15),(26,7,16),(26,7,17),(26,7,18),(26,7,19),(26,7,2),(26,7,20),(26,7,21),(26,7,22),(26,7,23),(26,7,24),(26,7,25),(26,7,26),(26,7,27),(26,7,28),(26,7,29),(26,7,3),(26,7,30),(26,7,31),(26,7,32),(26,7,33),(26,7,34),(26,7,35),(26,7,36),(26,7,37),(26,7,38),(26,7,39),(26,7,4),(26,7,40),(26,7,41),(26,7,42),(26,7,43),(26,7,44),(26,7,45),(26,7,46),(26,7,47),(26,7,48),(26,7,49),(26,7,5),(26,7,50),(26,7,51),(26,7,52),(26,7,53),(26,7,54));
DELETE FROM `player_levelstats` WHERE (race,class,LEVEL) IN ((26,7,55),(26,7,56),(26,7,57),(26,7,58),(26,7,59),(26,7,6),(26,7,60),(26,7,61),(26,7,62),(26,7,63),(26,7,64),(26,7,65),(26,7,66),(26,7,67),(26,7,68),(26,7,69),(26,7,7),(26,7,70),(26,7,71),(26,7,72),(26,7,73),(26,7,74),(26,7,75),(26,7,76),(26,7,77),(26,7,78),(26,7,79),(26,7,8),(26,7,80),(26,7,86),(26,7,87),(26,7,88),(26,7,89),(26,7,9),(26,7,90),(26,8,1),(26,8,10),(26,8,11),(26,8,12),(26,8,13),(26,8,14),(26,8,15),(26,8,16),(26,8,17),(26,8,18),(26,8,19),(26,8,2),(26,8,20),(26,8,21),(26,8,22),(26,8,23),(26,8,24),(26,8,25),(26,8,26),(26,8,27),(26,8,28),(26,8,29),(26,8,3),(26,8,30),(26,8,31),(26,8,32),(26,8,33),(26,8,34),(26,8,35),(26,8,36),(26,8,37),(26,8,38),(26,8,39),(26,8,4),(26,8,40),(26,8,41),(26,8,42),(26,8,43),(26,8,44),(26,8,45),(26,8,46),(26,8,47),(26,8,48),(26,8,49),(26,8,5),(26,8,50),(26,8,51),(26,8,52),(26,8,53),(26,8,54),(26,8,55),(26,8,56),(26,8,57),(26,8,58),(26,8,59),(26,8,6),(26,8,60),(26,8,61),(26,8,62),(26,8,63),(26,8,64),(26,8,65),(26,8,66),(26,8,67),(26,8,68),(26,8,69),(26,8,7),(26,8,70),(26,8,71),(26,8,72),(26,8,73),(26,8,74),(26,8,75),(26,8,76),(26,8,77),(26,8,78),(26,8,79),(26,8,8),(26,8,80),(26,8,86),(26,8,87),(26,8,88),(26,8,89),(26,8,9),(26,8,90),(3,1,86),(3,1,87),(3,1,88),(3,1,89),(3,1,90),(3,10,1),(3,10,10),(3,10,11),(3,10,12),(3,10,13),(3,10,14),(3,10,15),(3,10,16),(3,10,17),(3,10,18),(3,10,19),(3,10,2),(3,10,20),(3,10,21),(3,10,22),(3,10,23),(3,10,24),(3,10,25),(3,10,26),(3,10,27),(3,10,28),(3,10,29),(3,10,3),(3,10,30),(3,10,31),(3,10,32),(3,10,33),(3,10,34),(3,10,35),(3,10,36),(3,10,37),(3,10,38),(3,10,39),(3,10,4),(3,10,40),(3,10,41),(3,10,42),(3,10,43),(3,10,44),(3,10,45),(3,10,46),(3,10,47),(3,10,48),(3,10,49),(3,10,5),(3,10,50),(3,10,51),(3,10,52),(3,10,53),(3,10,54),(3,10,55),(3,10,56),(3,10,57),(3,10,58),(3,10,59),(3,10,6),(3,10,60),(3,10,61),(3,10,62),(3,10,63),(3,10,64),(3,10,65),(3,10,66),(3,10,67),(3,10,68),(3,10,69),(3,10,7),(3,10,70),(3,10,71),(3,10,72),(3,10,73),(3,10,74),(3,10,75),(3,10,76),(3,10,77),(3,10,78),(3,10,79),(3,10,8),(3,10,80),(3,10,86),(3,10,87),(3,10,88),(3,10,89),(3,10,9),(3,10,90),(3,2,86),(3,2,87),(3,2,88),(3,2,89),(3,2,90),(3,3,86),(3,3,87),(3,3,88),(3,3,89),(3,3,90),(3,4,86),(3,4,87),(3,4,88),(3,4,89),(3,4,90),(3,5,86),(3,5,87),(3,5,88),(3,5,89),(3,5,90),(3,6,86),(3,6,87),(3,6,88),(3,6,89),(3,6,90),(3,7,86),(3,7,87),(3,7,88),(3,7,89),(3,7,90),(3,8,86),(3,8,87),(3,8,88),(3,8,89),(3,8,90),(3,9,86),(3,9,87),(3,9,88),(3,9,89),(3,9,90),(4,1,86),(4,1,87),(4,1,88),(4,1,89),(4,1,90),(4,10,1),(4,10,10),(4,10,11),(4,10,12),(4,10,13),(4,10,14),(4,10,15),(4,10,16),(4,10,17),(4,10,18),(4,10,19),(4,10,2),(4,10,20),(4,10,21),(4,10,22),(4,10,23),(4,10,24),(4,10,25),(4,10,26),(4,10,27),(4,10,28),(4,10,29),(4,10,3),(4,10,30),(4,10,31),(4,10,32),(4,10,33),(4,10,34),(4,10,35),(4,10,36),(4,10,37),(4,10,38),(4,10,39),(4,10,4),(4,10,40),(4,10,41),(4,10,42),(4,10,43),(4,10,44),(4,10,45),(4,10,46),(4,10,47),(4,10,48),(4,10,49),(4,10,5),(4,10,50),(4,10,51),(4,10,52),(4,10,53),(4,10,54),(4,10,55),(4,10,56),(4,10,57),(4,10,58),(4,10,59),(4,10,6),(4,10,60),(4,10,61),(4,10,62),(4,10,63),(4,10,64),(4,10,65),(4,10,66),(4,10,67),(4,10,68),(4,10,69),(4,10,7),(4,10,70),(4,10,71),(4,10,72),(4,10,73),(4,10,74),(4,10,75),(4,10,76),(4,10,77),(4,10,78),(4,10,79),(4,10,8),(4,10,80),(4,10,86),(4,10,87),(4,10,88),(4,10,89),(4,10,9),(4,10,90),(4,11,86),(4,11,87),(4,11,88),(4,11,89),(4,11,90),(4,3,86),(4,3,87),(4,3,88),(4,3,89),(4,3,90),(4,4,86),(4,4,87),(4,4,88),(4,4,89),(4,4,90),(4,5,86),(4,5,87),(4,5,88),(4,5,89),(4,5,90),(4,6,86),(4,6,87),(4,6,88),(4,6,89),(4,6,90),(4,8,86),(4,8,87),(4,8,88),(4,8,89),(4,8,90),(5,1,86),(5,1,87),(5,1,88),(5,1,89),(5,1,90),(5,10,1),(5,10,10),(5,10,11),(5,10,12),(5,10,13),(5,10,14),(5,10,15),(5,10,16),(5,10,17),(5,10,18),(5,10,19),(5,10,2),(5,10,20),(5,10,21),(5,10,22),(5,10,23),(5,10,24),(5,10,25),(5,10,26),(5,10,27),(5,10,28),(5,10,29),(5,10,3),(5,10,30),(5,10,31));
DELETE FROM `player_levelstats` WHERE (race,class,LEVEL) IN ((5,10,32),(5,10,33),(5,10,34),(5,10,35),(5,10,36),(5,10,37),(5,10,38),(5,10,39),(5,10,4),(5,10,40),(5,10,41),(5,10,42),(5,10,43),(5,10,44),(5,10,45),(5,10,46),(5,10,47),(5,10,48),(5,10,49),(5,10,5),(5,10,50),(5,10,51),(5,10,52),(5,10,53),(5,10,54),(5,10,55),(5,10,56),(5,10,57),(5,10,58),(5,10,59),(5,10,6),(5,10,60),(5,10,61),(5,10,62),(5,10,63),(5,10,64),(5,10,65),(5,10,66),(5,10,67),(5,10,68),(5,10,69),(5,10,7),(5,10,70),(5,10,71),(5,10,72),(5,10,73),(5,10,74),(5,10,75),(5,10,76),(5,10,77),(5,10,78),(5,10,79),(5,10,8),(5,10,80),(5,10,86),(5,10,87),(5,10,88),(5,10,89),(5,10,9),(5,10,90),(5,3,86),(5,3,87),(5,3,88),(5,3,89),(5,3,90),(5,4,86),(5,4,87),(5,4,88),(5,4,89),(5,4,90),(5,5,86),(5,5,87),(5,5,88),(5,5,89),(5,5,90),(5,6,86),(5,6,87),(5,6,88),(5,6,89),(5,6,90),(5,8,86),(5,8,87),(5,8,88),(5,8,89),(5,8,90),(5,9,86),(5,9,87),(5,9,88),(5,9,89),(5,9,90),(6,1,86),(6,1,87),(6,1,88),(6,1,89),(6,1,90),(6,10,1),(6,10,10),(6,10,11),(6,10,12),(6,10,13),(6,10,14),(6,10,15),(6,10,16),(6,10,17),(6,10,18),(6,10,19),(6,10,2),(6,10,20),(6,10,21),(6,10,22),(6,10,23),(6,10,24),(6,10,25),(6,10,26),(6,10,27),(6,10,28),(6,10,29),(6,10,3),(6,10,30),(6,10,31),(6,10,32),(6,10,33),(6,10,34),(6,10,35),(6,10,36),(6,10,37),(6,10,38),(6,10,39),(6,10,4),(6,10,40),(6,10,41),(6,10,42),(6,10,43),(6,10,44),(6,10,45),(6,10,46),(6,10,47),(6,10,48),(6,10,49),(6,10,5),(6,10,50),(6,10,51),(6,10,52),(6,10,53),(6,10,54),(6,10,55),(6,10,56),(6,10,57),(6,10,58),(6,10,59),(6,10,6),(6,10,60),(6,10,61),(6,10,62),(6,10,63),(6,10,64),(6,10,65),(6,10,66),(6,10,67),(6,10,68),(6,10,69),(6,10,7),(6,10,70),(6,10,71),(6,10,72),(6,10,73),(6,10,74),(6,10,75),(6,10,76),(6,10,77),(6,10,78),(6,10,79),(6,10,8),(6,10,80),(6,10,86),(6,10,87),(6,10,88),(6,10,89),(6,10,9),(6,10,90),(6,11,86),(6,11,87),(6,11,88),(6,11,89),(6,11,90),(6,2,86),(6,2,87),(6,2,88),(6,2,89),(6,2,90),(6,3,86),(6,3,87),(6,3,88),(6,3,89),(6,3,90),(6,5,86),(6,5,87),(6,5,88),(6,5,89),(6,5,90),(6,6,86),(6,6,87),(6,6,88),(6,6,89),(6,6,90),(6,7,86),(6,7,87),(6,7,88),(6,7,89),(6,7,90),(7,1,86),(7,1,87),(7,1,88),(7,1,89),(7,1,90),(7,10,1),(7,10,10),(7,10,11),(7,10,12),(7,10,13),(7,10,14),(7,10,15),(7,10,16),(7,10,17),(7,10,18),(7,10,19),(7,10,2),(7,10,20),(7,10,21),(7,10,22),(7,10,23),(7,10,24),(7,10,25),(7,10,26),(7,10,27),(7,10,28),(7,10,29),(7,10,3),(7,10,30),(7,10,31),(7,10,32),(7,10,33),(7,10,34),(7,10,35),(7,10,36),(7,10,37),(7,10,38),(7,10,39),(7,10,4),(7,10,40),(7,10,41),(7,10,42),(7,10,43),(7,10,44),(7,10,45),(7,10,46),(7,10,47),(7,10,48),(7,10,49),(7,10,5),(7,10,50),(7,10,51),(7,10,52),(7,10,53),(7,10,54),(7,10,55),(7,10,56),(7,10,57),(7,10,58),(7,10,59),(7,10,6),(7,10,60),(7,10,61),(7,10,62),(7,10,63),(7,10,64),(7,10,65),(7,10,66),(7,10,67),(7,10,68),(7,10,69),(7,10,7),(7,10,70),(7,10,71),(7,10,72),(7,10,73),(7,10,74),(7,10,75),(7,10,76),(7,10,77),(7,10,78),(7,10,79),(7,10,8),(7,10,80),(7,10,86),(7,10,87),(7,10,88),(7,10,89),(7,10,9),(7,10,90),(7,4,86),(7,4,87),(7,4,88),(7,4,89),(7,4,90),(7,5,86),(7,5,87),(7,5,88),(7,5,89),(7,5,90),(7,6,86),(7,6,87),(7,6,88),(7,6,89),(7,6,90),(7,8,86),(7,8,87),(7,8,88),(7,8,89),(7,8,90),(7,9,86),(7,9,87),(7,9,88),(7,9,89),(7,9,90),(8,1,86),(8,1,87),(8,1,88),(8,1,89),(8,1,90),(8,10,1),(8,10,10),(8,10,11),(8,10,12),(8,10,13),(8,10,14),(8,10,15),(8,10,16),(8,10,17),(8,10,18),(8,10,19),(8,10,2),(8,10,20),(8,10,21),(8,10,22),(8,10,23),(8,10,24),(8,10,25),(8,10,26),(8,10,27),(8,10,28),(8,10,29),(8,10,3),(8,10,30),(8,10,31),(8,10,32),(8,10,33),(8,10,34),(8,10,35),(8,10,36),(8,10,37),(8,10,38),(8,10,39),(8,10,4),(8,10,40),(8,10,41),(8,10,42),(8,10,43),(8,10,44),(8,10,45),(8,10,46),(8,10,47),(8,10,48),(8,10,49),(8,10,5),(8,10,50),(8,10,51),(8,10,52),(8,10,53),(8,10,54),(8,10,55),(8,10,56),(8,10,57),(8,10,58),(8,10,59),(8,10,6),(8,10,60),(8,10,61),(8,10,62),(8,10,63),(8,10,64),(8,10,65),(8,10,66),(8,10,67),(8,10,68),(8,10,69),(8,10,7),(8,10,70),(8,10,71),(8,10,72));
DELETE FROM `player_levelstats` WHERE (race,class,LEVEL) IN ((8,10,73),(8,10,74),(8,10,75),(8,10,76),(8,10,77),(8,10,78),(8,10,79),(8,10,8),(8,10,80),(8,10,86),(8,10,87),(8,10,88),(8,10,89),(8,10,9),(8,10,90),(8,11,86),(8,11,87),(8,11,88),(8,11,89),(8,11,90),(8,3,86),(8,3,87),(8,3,88),(8,3,89),(8,3,90),(8,4,86),(8,4,87),(8,4,88),(8,4,89),(8,4,90),(8,5,86),(8,5,87),(8,5,88),(8,5,89),(8,5,90),(8,6,86),(8,6,87),(8,6,88),(8,6,89),(8,6,90),(8,7,86),(8,7,87),(8,7,88),(8,7,89),(8,7,90),(8,8,86),(8,8,87),(8,8,88),(8,8,89),(8,8,90),(8,9,86),(8,9,87),(8,9,88),(8,9,89),(8,9,90),(9,1,86),(9,1,87),(9,1,88),(9,1,89),(9,1,90),(9,3,86),(9,3,87),(9,3,88),(9,3,89),(9,3,90),(9,4,86),(9,4,87),(9,4,88),(9,4,89),(9,4,90),(9,5,86),(9,5,87),(9,5,88),(9,5,89),(9,5,90),(9,6,86),(9,6,87),(9,6,88),(9,6,89),(9,6,90),(9,7,86),(9,7,87),(9,7,88),(9,7,89),(9,7,90),(9,8,86),(9,8,87),(9,8,88),(9,8,89),(9,8,90),(9,9,86),(9,9,87),(9,9,88),(9,9,89),(9,9,90));
DELETE FROM `player_xp_for_level` WHERE (lvl) IN ((85),(86),(87),(88),(89));
DELETE FROM `playercreateinfo_action` WHERE (race,class,button) IN ((1,1,0),(1,1,1),(1,1,9),(1,10,0),(1,10,72),(1,10,81),(1,10,9),(10,1,0),(10,1,1),(10,1,9),(10,10,0),(10,10,72),(10,10,81),(10,10,9),(11,1,0),(11,1,1),(11,1,9),(11,10,0),(11,10,72),(11,10,81),(11,10,9),(2,1,0),(2,1,1),(2,1,9),(2,10,0),(2,10,72),(2,10,81),(2,10,9),(22,1,0),(22,1,1),(22,1,81),(22,1,9),(24,1,0),(24,1,1),(24,1,9),(24,10,0),(24,10,9),(3,1,0),(3,1,1),(3,1,9),(3,10,0),(3,10,72),(3,10,81),(3,10,9),(4,1,0),(4,1,1),(4,1,9),(4,10,0),(4,10,72),(4,10,81),(4,10,9),(5,1,0),(5,1,1),(5,1,9),(5,10,0),(5,10,72),(5,10,81),(5,10,9),(6,1,0),(6,1,1),(6,1,9),(6,10,0),(6,10,72),(6,10,81),(6,10,9),(7,1,0),(7,1,1),(7,1,81),(7,1,9),(7,10,0),(7,10,72),(7,10,81),(7,10,9),(7,4,9),(7,5,9),(7,6,9),(7,8,9),(7,9,9),(8,1,0),(8,1,1),(8,1,9),(8,10,0),(8,10,72),(8,10,81),(9,1,0),(9,1,1),(9,1,9),(9,10,81),(9,10,82));
DELETE FROM `playercreateinfo_item` WHERE (race,class,itemid) IN ((0,6,40582));
DELETE FROM `script_waypoint` WHERE (entry,pointid) IN ((1754,1),(1754,10),(1754,11),(1754,12),(1754,13),(1754,14),(1754,15),(1754,16),(1754,17),(1754,2),(1754,3),(1754,4),(1754,5),(1754,6),(1754,7),(1754,8),(1754,9),(18209,1),(18209,10),(18209,2),(18209,3),(18209,4),(18209,5),(18209,6),(18209,7),(18209,8),(18209,9),(18731,0),(18731,1),(18731,2),(18731,3),(18731,4),(18731,5),(18731,6),(18731,7),(18731,8),(18760,0),(22424,0),(23784,1),(23784,10),(23784,11),(23784,12),(23784,13),(23784,14),(23784,15),(23784,16),(23784,17),(23784,18),(23784,19),(23784,2),(23784,20),(23784,21),(23784,22),(23784,23),(23784,3),(23784,4),(23784,5),(23784,6),(23784,7),(23784,8),(23784,9),(24156,1),(24156,10),(24156,11),(24156,12),(24156,13),(24156,14),(24156,15),(24156,16),(24156,17),(24156,18),(24156,19),(24156,2),(24156,20),(24156,21),(24156,22),(24156,23),(24156,24),(24156,25),(24156,26),(24156,3),(24156,4),(24156,5),(24156,6),(24156,7),(24156,8),(24156,9),(25208,26),(25208,27),(25208,28),(25208,29),(25208,30),(25208,31),(25208,32),(25208,33),(25208,34),(25208,35),(25208,36),(25208,37),(25208,38),(25208,39),(25208,40),(25208,41),(25504,1),(25504,10),(25504,11),(25504,12),(25504,13),(25504,14),(25504,15),(25504,16),(25504,17),(25504,18),(25504,19),(25504,2),(25504,20),(25504,21),(25504,3),(25504,4),(25504,5),(25504,6),(25504,7),(25504,8),(25504,9),(25589,1),(25589,10),(25589,11),(25589,12),(25589,13),(25589,14),(25589,15),(25589,16),(25589,17),(25589,18),(25589,19),(25589,2),(25589,20),(25589,21),(25589,22),(25589,23),(25589,24),(25589,25),(25589,26),(25589,27),(25589,28),(25589,29),(25589,3),(25589,30),(25589,4),(25589,5),(25589,6),(25589,7),(25589,8),(25589,9),(26170,1),(26170,2),(26170,3),(26170,4),(26170,5),(26499,0),(26499,1),(26499,10),(26499,11),(26499,12),(26499,13),(26499,14),(26499,15),(26499,16),(26499,17),(26499,18),(26499,19),(26499,2),(26499,20),(26499,21),(26499,22),(26499,23),(26499,24),(26499,25),(26499,26),(26499,27),(26499,28),(26499,29),(26499,3),(26499,30),(26499,31),(26499,32),(26499,33),(26499,34),(26499,35),(26499,36),(26499,37),(26499,38),(26499,39),(26499,4),(26499,40),(26499,41),(26499,42),(26499,43),(26499,44),(26499,45),(26499,46),(26499,47),(26499,48),(26499,49),(26499,5),(26499,50),(26499,51),(26499,52),(26499,53),(26499,54),(26499,55),(26499,56),(26499,6),(26499,7),(26499,8),(26499,9),(26588,1),(26588,10),(26588,11),(26588,12),(26588,13),(26588,14),(26588,15),(26588,16),(26588,17),(26588,18),(26588,19),(26588,2),(26588,20),(26588,21),(26588,22),(26588,23),(26588,24),(26588,25),(26588,26),(26588,27),(26588,3),(26588,4),(26588,5),(26588,6),(26588,7),(26588,8),(26588,9),(28217,25),(28217,26),(28217,27),(28217,28),(28787,0),(29173,6),(29173,7),(29173,8),(29173,9),(29434,1),(29434,10),(29434,11),(29434,12),(29434,13),(29434,14),(29434,15),(29434,16),(29434,17),(29434,18),(29434,19),(29434,2),(29434,20),(29434,21),(29434,22),(29434,23),(29434,24),(29434,25),(29434,26),(29434,27),(29434,3),(29434,4),(29434,5),(29434,6),(29434,7),(29434,8),(29434,9),(29602,1),(29602,10),(29602,11),(29602,12),(29602,13),(29602,14),(29602,15),(29602,16),(29602,17),(29602,18),(29602,19),(29602,2),(29602,20),(29602,21),(29602,22),(29602,23),(29602,24),(29602,25),(29602,26),(29602,27),(29602,28),(29602,29),(29602,3),(29602,30),(29602,31),(29602,32),(29602,33),(29602,4),(29602,5),(29602,6),(29602,7),(29602,8),(29602,9),(30017,1),(30017,2),(30017,3),(30017,4),(30017,5),(30017,6),(30017,7),(30023,1),(30023,2),(30023,3),(30023,4),(30023,5),(30023,6),(33370,1),(33370,2),(33370,3),(33370,4),(33370,5),(33370,6),(349,100),(349,101),(349,102),(349,103),(349,104),(349,105),(349,106),(349,107),(349,108),(349,109),(349,110),(349,111),(349,112),(349,113),(349,114),(349,115),(349,55),(349,56),(349,57),(349,58),(349,59),(349,60),(349,61),(349,62),(349,63),(349,64),(349,65),(349,66),(349,67),(349,68),(349,69),(349,70),(349,71),(349,72),(349,73),(349,74),(349,75),(349,76),(349,77),(349,78),(349,79),(349,80),(349,81),(349,82),(349,83),(349,84),(349,85),(349,86),(349,87),(349,88),(349,89),(349,90),(349,91),(349,92),(349,93),(349,94),(349,95),(349,96),(349,97),(349,98),(349,99),(35491,1),(35491,10),(35491,2),(35491,3),(35491,4),(35491,5),(35491,6),(35491,7));
DELETE FROM `script_waypoint` WHERE (entry,pointid) IN ((35491,8),(35491,9),(37129,0),(37129,1),(37129,2),(37129,3),(37129,4),(4880,25),(4880,26),(4880,27),(4880,28),(4880,29),(4880,30),(4880,31),(4880,32),(4880,33),(4880,34),(4880,35),(4880,36),(4880,37),(4880,38),(4880,39),(6729,1),(6729,2),(6729,3),(6729,4),(6729,5),(7784,35),(7784,36),(7784,37),(7784,38),(7784,39),(7784,40),(7784,41),(7784,42),(7784,43),(7784,44),(7784,45),(7784,46),(7784,47),(7784,48),(7784,49),(7784,50),(7784,51),(7784,52),(7784,53),(7784,54),(7784,55),(7784,56),(7784,57),(7784,58),(7784,59),(7784,60),(7784,61),(7784,62),(7784,63),(7784,64),(7784,65),(7784,66),(7784,67),(7784,68),(7784,69),(7784,70),(7784,71),(7784,72),(7784,73),(7784,74),(7784,75),(7784,76),(7784,77),(7784,78),(7784,79),(7784,80),(7784,81),(7784,82),(7784,83),(7784,84),(7784,85),(7784,86),(8856,1),(8856,10),(8856,11),(8856,12),(8856,13),(8856,14),(8856,15),(8856,16),(8856,17),(8856,18),(8856,2),(8856,3),(8856,4),(8856,5),(8856,6),(8856,7),(8856,8),(8856,9));
DELETE FROM `skill_discovery_template` WHERE (spellId,reqSpell) IN ((58322,61177),(58322,61756),(58341,61177),(58341,61756));
DELETE FROM `skill_fishing_base_level` WHERE (entry) IN ((4100),(4656),(4710),(4987));
DELETE FROM `spell_bonus_data` WHERE (entry) IN ((1064),(1079),(11113),(11426),(120),(122),(12654),(13376),(136),(13897),(139),(1449),(16614),(17),(17877),(18798),(19236),(1943),(20167),(2060),(2061),(2098),(2136),(22568),(24275),(25912),(25914),(26573),(27285),(28715),(28880),(2912),(2948),(29722),(30108),(30283),(30451),(31661),(31707),(31803),(31935),(32379),(32546),(32645),(331),(33110),(33778),(339),(34861),(403),(421),(44457),(44461),(44525),(45055),(45284),(45297),(45429),(46579),(48503),(48982),(50256),(51460),(51505),(5185),(52752),(53353),(55039),(55533),(56641),(57755),(57984),(58621),(589),(59542),(59543),(59544),(59545),(59547),(59548),(596),(59638),(59754),(60203),(60488),(61391),(61491),(6262),(633),(6343),(63468),(6353),(64382),(64844),(64891),(6572),(67714),(67760),(6789),(686),(689),(69729),(69730),(69733),(69734),(7001),(70691),(70809),(70890),(71878),(71879),(7712),(774),(779),(8004),(8092));
DELETE FROM `spell_learn_spell` WHERE (entry,SpellID) IN ((11366,44448),(119467,122026));
DELETE FROM `achievement_reward` WHERE (entry) IN ((2091),(6374),(6375),(6590),(6607),(6724),(6734),(6742),(6850),(6926),(6941),(6942),(7284),(7306),(7385),(7479),(7500),(7501),(7509),(7520),(7612),(7860),(7862),(7934),(8023),(8067),(8121),(8124),(8293),(8300),(8301),(8335),(8337),(8340),(8343),(8345),(8360),(8397),(8398),(8399),(8430),(8431),(8432),(8433),(8434),(8436),(8437),(8438),(8439),(8454),(8482),(8507),(8508),(8509),(8641),(8642),(8643),(8644),(8645),(8649),(8667),(8668),(8670),(8679),(8680),(8721));
DELETE FROM `areatrigger_teleport` WHERE (id) IN ((7539),(7687),(7694),(7699),(7705),(7725),(7726),(7755),(7801),(7802),(7838),(7839),(7854),(8027),(8028),(8134),(8135),(8310),(8312),(8313),(8314),(8315),(8881),(8882),(9244),(9245));
DELETE FROM `battleground_template` WHERE (id) IN ((699),(708),(719),(754),(757));
DELETE FROM `instance_template` WHERE (map) IN ((1001),(1004),(1007),(1008),(1009),(1011),(1098),(1136),(628),(959),(960),(961),(962),(994),(996));
DELETE FROM `npc_spellclick_spells` WHERE (npc_entry,spell_id) IN ((14864,46598),(24418,46598),(24750,46598),(24992,45008),(25334,46598),(25460,46598),(25596,45875),(25762,43671),(25765,43671),(25968,46598),(26200,39996),(26200,61286),(26477,47096),(26477,61286),(26572,46598),(26813,47424),(27061,47920),(27131,48754),(27213,43671),(27241,46598),(27354,43671),(27409,48678),(27496,48881),(27587,46598),(27593,49177),(27661,48365),(27761,43671),(27894,60682),(27923,46598),(27924,50007),(27996,50343),(28018,46598),(28054,50556),(28061,50557),(28162,39996),(28162,61286),(28192,50860),(28203,50919),(28222,52082),(28312,46598),(28319,46598),(28366,60962),(28379,51658),(28389,51593),(28468,46598),(28614,46598),(28669,46598),(28670,53173),(28781,60683),(28782,52280),(28817,52462),(28851,52600),(28864,52589),(29005,60944),(29351,46598),(29358,46598),(29403,49641),(29414,18277),(29433,47020),(29460,54513),(29500,46598),(29555,47020),(29602,54908),(29625,46598),(29679,54952),(29698,46598),(29709,55029),(29736,43671),(29838,46598),(29856,55363),(29857,55460),(29863,46598),(29912,55479),(29918,54301),(29929,58961),(29931,46598),(30013,43671),(30021,46598),(30021,55785),(30066,57053),(30108,46598),(30134,43671),(30134,56603),(30174,46598),(30204,46598),(30234,61421),(30248,61421),(30272,57401),(30330,46598),(30337,43671),(30388,46598),(30393,46598),(30403,56699),(30468,56795),(30470,56839),(30560,57347),(30564,57401),(30585,57418),(30645,57612),(30841,57897),(30850,57897),(30852,57897),(30895,46598),(30935,46598),(31050,46598),(31110,46598),(31137,46598),(31157,46598),(31262,46598),(31269,46598),(31406,46598),(31407,46598),(31408,46598),(31409,46598),(31432,59091),(31583,59319),(31736,59592),(31748,56378),(31770,59654),(31784,59593),(31785,59656),(31830,46598),(31840,46598),(31856,46598),(31861,61466),(31862,61466),(31881,46598),(31883,60123),(31884,46598),(31893,60123),(31894,60123),(31895,60123),(31896,60123),(31897,60123),(32152,46598),(32189,46598),(32225,46598),(32227,46598),(32286,61666),(32292,46598),(32344,46598),(32490,46598),(32513,46598),(32535,61245),(32629,46598),(32795,60682),(32796,60683),(32823,46598),(32830,46598),(32840,46598),(32930,65343),(33113,46598),(33114,46598),(33139,46598),(33143,62399),(33214,46598),(33217,63151),(33293,63852),(33316,63151),(33317,63151),(33318,63151),(33319,63151),(33320,63151),(33321,63151),(33322,63151),(33323,63151),(33324,63151),(33357,75648),(33432,46598),(33519,63163),(33651,46598),(33669,46598),(33687,46598),(33778,43671),(33782,63151),(33844,63151),(33845,63151),(33870,63663),(34072,63989),(34072,63997),(34072,63998),(34111,46598),(34120,55089),(34146,43671),(34150,43671),(34151,43671),(34161,46598),(34162,46598),(34282,46598),(34658,46598),(34775,66245),(34776,46598),(34777,46598),(34778,46598),(34793,66245),(34796,46598),(34802,68503),(34812,65403),(34819,65403),(34822,65403),(34823,65403),(34824,65403),(34832,46598),(34929,43671),(34935,43671),(34944,68458),(35069,46598),(35111,66778),(35273,68503),(35299,46598),(35317,43671),(35410,43671),(35413,66245),(35415,66245),(35417,66245),(35419,68503),(35421,68503),(35427,43671),(35429,68458),(35431,66245),(35433,66245),(35436,66245),(35491,46598),(35633,46598),(35634,46598),(35635,46598),(35636,46598),(35637,46598),(35638,46598),(35640,46598),(35641,46598),(35644,67830),(35768,46598),(36059,68293),(36283,46598),(36355,46598),(36356,66245),(36357,66245),(36358,66245),(36437,68726),(36459,68743),(36476,46598),(36540,94654),(36558,67830),(36661,46598),(36678,46598),(36794,46598),(36812,69342),(36838,46598),(36839,70510),(36891,46598),(36896,46598),(36917,81432),(36972,46598),(37139,46598),(37198,70036),(37227,70104),(37807,46598),(37966,69342),(37968,46598),(37980,69342),(38150,71238),(38186,70766),(38248,71462),(38377,46598),(38424,46598),(38429,70766),(38500,46598),(38755,72767),(38936,46598),(39294,80343),(39619,46598),(39714,74205),(40081,46598),(40176,74905),(40250,46598),(40305,46598),(40470,46598),(40471,46598),(40472,46598),(40725,75953),(40825,69063),(41327,46598),(41445,46598),(41570,46598),(41620,46598),(41776,46598),(41789,46598),(41848,46598),(42175,46598),(42204,46598),(42205,63313),(42246,63313),(42247,63313),(42255,46598),(42268,46598),(42314,46598),(42399,46598),(42400,46598),(42548,79276),(42571,46598),(42576,46598),(42603,46598),(42608,46598),(42646,80017),(42671,79568),(42673,79545),(42716,80690),(42801,46598),(42839,46598),(42947,46598),(42949,46598),(42951,46598),(42954,46598),(42956,46598),(42958,46598),(42960,46598),(43044,80436),(43046,80436),(43115,56685),(43182,84178),(43195,46598),(43209,46598),(43259,46598),(43747,81877),(43952,82261),(44427,56685),(44429,56685),(44579,46598),(44731,46598),(44764,46598),(44776,46598),(44928,72767),(45005,84071),(45191,84499),(45344,84754),(45455,46598),(46085,46598),(46165,46598),(46185,125095),(46208,46598),(46411,46598),(46449,46598),(47066,46598),(47297,46598),(47403,46598),(47404,46598),(47814,46598),(47820,46598),(47821,46598),(47822,46598),(48092,46598),(48266,46598),(48338,46598),(48341,46598),(48342,46598),(48343,46598),(48351,46598),(48457,90102),(48520,90287),(48639,90644),(48719,46598),(48803,46598),(48804,46598),(48820,46598),(48821,46598),(48913,46598),(48939,46598),(49072,69063),(49208,46598),(49520,46598),(50409,46598),(50635,46598),(50636,46598),(50638,46598),(50643,46598),(51033,46598),(51157,46598),(51340,46598),(51391,95284),(51395,95285),(51396,95284),(51397,95285),(51551,46598),(52358,46598),(52359,46598),(52363,46598),(52585,46598),(52809,46598),(52812,46598),(52884,46598),(52885,46598),(52886,46598),(52887,46598),(52888,46598),(52889,46598),(52890,46598),(53088,46598),(53089,46598),(53131,46598));
DELETE FROM `npc_spellclick_spells` WHERE (npc_entry,spell_id) IN ((53275,46598),(53517,99325),(53526,99356),(53561,99471),(53561,99473),(53887,46598),(54247,46598),(54348,90102),(54367,46598),(54635,46598),(54993,102717),(55083,102717),(55549,46598),(55715,46598),(55918,46598),(55967,46598),(56097,46598),(56129,46598),(56130,46598),(56131,46598),(56739,46598),(57287,46598),(57288,46598),(57289,46598),(57328,46598),(57377,46598),(57378,46598),(57379,46598),(57431,130074),(57443,46598),(57445,125095),(57626,46598),(57710,46598),(57741,46598),(57778,46598),(57882,46598),(58562,46598),(58767,111626),(58794,46598),(59497,46598),(59591,46598),(59819,46598),(60415,46598),(60770,46598),(60848,46598),(60877,46598),(61806,46598),(61808,46598),(61810,46598),(61817,46598),(62809,122729),(63253,46598),(63254,46598),(63255,46598),(63355,46598),(63363,46598),(63787,46598),(63808,46598),(64507,46598),(64529,46598),(64539,46598),(64600,46598),(64624,46598),(64710,46598),(65227,46598),(65228,46598),(65230,46598),(65334,46598),(65335,125095),(65565,46598),(66129,46598),(66186,46598),(66191,46598),(66197,46598),(66904,46598));
DELETE FROM `playercreateinfo` WHERE (race,class) IN ((1,10),(10,10),(11,10),(2,10),(25,1),(25,10),(25,3),(25,4),(25,5),(25,7),(25,8),(26,1),(26,10),(26,3),(26,4),(26,5),(26,7),(26,8),(3,10),(4,10),(5,10),(6,10),(7,10),(8,10));
DELETE FROM `playercreateinfo_spell` WHERE (`race`,`class`,`Spell`) IN ((1,1,111621),(1,1,113873),(1,1,119811),(1,1,134735),(1,1,78),(1,10,100780),(1,10,111621),(1,10,113873),(1,10,134735),(1,10,15590),(1,10,196),(1,10,198),(1,10,200),(1,10,201),(1,10,203),(1,10,204),(1,10,20597),(1,10,20598),(1,10,20599),(1,10,20864),(1,10,21651),(1,10,21652),(1,10,22027),(1,10,227),(1,10,22810),(1,10,2382),(1,10,3050),(1,10,3365),(1,10,45927),(1,10,522),(1,10,59752),(1,10,61437),(1,10,6233),(1,10,6246),(1,10,6247),(1,10,6477),(1,10,6478),(1,10,6603),(1,10,668),(1,10,68398),(1,10,7266),(1,10,7267),(1,10,7355),(1,10,79738),(1,10,81),(1,10,8386),(1,10,9077),(1,10,9078),(1,10,9125),(1,10,96220),(1,2,111621),(1,2,113873),(1,2,119811),(1,2,134735),(1,3,111621),(1,3,113873),(1,3,134735),(1,4,111621),(1,4,113873),(1,4,134735),(1,5,111621),(1,5,113873),(1,5,134735),(1,5,77486),(1,5,84733),(1,6,111621),(1,6,113873),(1,6,119811),(1,6,134735),(1,8,111621),(1,8,113873),(1,8,134735),(1,8,44614),(1,9,111621),(1,9,113873),(1,9,134735),(10,1,111621),(10,1,113873),(10,1,119811),(10,1,134735),(10,1,61437),(10,1,78),(10,10,100780),(10,10,111621),(10,10,113873),(10,10,129597),(10,10,134735),(10,10,15590),(10,10,196),(10,10,198),(10,10,200),(10,10,201),(10,10,203),(10,10,204),(10,10,21651),(10,10,21652),(10,10,22027),(10,10,227),(10,10,22810),(10,10,2382),(10,10,28877),(10,10,3050),(10,10,3365),(10,10,45927),(10,10,522),(10,10,61437),(10,10,6233),(10,10,6246),(10,10,6247),(10,10,6477),(10,10,6478),(10,10,6603),(10,10,669),(10,10,68398),(10,10,7266),(10,10,7267),(10,10,7355),(10,10,79748),(10,10,81),(10,10,813),(10,10,822),(10,10,8386),(10,10,9077),(10,10,9078),(10,10,9125),(10,10,96220),(10,2,111621),(10,2,113873),(10,2,119811),(10,2,134735),(10,3,111621),(10,3,113873),(10,3,134735),(10,4,111621),(10,4,113873),(10,4,134735),(10,5,111621),(10,5,113873),(10,5,134735),(10,5,77486),(10,5,84733),(10,6,111621),(10,6,113873),(10,6,119811),(10,6,134735),(10,8,111621),(10,8,113873),(10,8,134735),(10,8,44614),(10,9,111621),(10,9,113873),(10,9,134735),(11,1,111621),(11,1,113873),(11,1,119811),(11,1,134735),(11,1,78),(11,10,100780),(11,10,111621),(11,10,113873),(11,10,132295),(11,10,134735),(11,10,15590),(11,10,196),(11,10,198),(11,10,200),(11,10,201),(11,10,203),(11,10,204),(11,10,21651),(11,10,21652),(11,10,22027),(11,10,227),(11,10,22810),(11,10,2382),(11,10,28875),(11,10,29932),(11,10,3050),(11,10,3365),(11,10,45927),(11,10,522),(11,10,61437),(11,10,6233),(11,10,6246),(11,10,6247),(11,10,6477),(11,10,6478),(11,10,6562),(11,10,6603),(11,10,668),(11,10,68398),(11,10,7266),(11,10,7267),(11,10,7355),(11,10,79741),(11,10,81),(11,10,8386),(11,10,9077),(11,10,9078),(11,10,9125),(11,10,96220),(11,2,111621),(11,2,113873),(11,2,119811),(11,2,134735),(11,3,111621),(11,3,113873),(11,3,134735),(11,5,111621),(11,5,113873),(11,5,134735),(11,5,77486),(11,5,84733),(11,6,111621),(11,6,113873),(11,6,119811),(11,6,134735),(11,7,111621),(11,7,113873),(11,7,134735),(11,8,111621),(11,8,113873),(11,8,134735),(11,8,44614),(2,1,111621),(2,1,113873),(2,1,119811),(2,1,134735),(2,1,78),(2,10,100780),(2,10,111621),(2,10,113873),(2,10,134735),(2,10,15590),(2,10,196),(2,10,198),(2,10,200),(2,10,201),(2,10,203),(2,10,204),(2,10,20573),(2,10,20574),(2,10,21651),(2,10,21652),(2,10,22027),(2,10,227),(2,10,22810),(2,10,2382),(2,10,3050),(2,10,3365),(2,10,45927),(2,10,522),(2,10,61437),(2,10,6233),(2,10,6246),(2,10,6247),(2,10,6477),(2,10,6478),(2,10,6603),(2,10,669),(2,10,68398),(2,10,7266),(2,10,7267),(2,10,7355),(2,10,79743),(2,10,81),(2,10,8386),(2,10,9077),(2,10,9078),(2,10,9125),(2,10,96220),(2,3,111621),(2,3,113873),(2,3,134735),(2,4,111621),(2,4,113873),(2,4,134735),(2,6,111621),(2,6,113873),(2,6,119811),(2,6,134735),(2,7,111621),(2,7,113873),(2,7,134735),(2,8,111621),(2,8,113873),(2,8,134735),(2,8,44614),(2,9,111621),(2,9,113873),(2,9,134735),(22,1,111621),(22,1,113873),(22,1,119811),(22,1,134735),(22,1,69001),(22,1,69270),(22,1,78),(22,11,111621),(22,11,113873),(22,11,134735),(22,11,69001),(22,11,69270),(22,3,111621),(22,3,113873),(22,3,134735),(22,3,69001),(22,3,69270),(22,4,111621),(22,4,113873),(22,4,134735),(22,4,69001),(22,4,69270),(22,5,111621),(22,5,113873),(22,5,134735),(22,5,69001),(22,5,69270),(22,5,77486),(22,5,84733),(22,6,111621),(22,6,113873),(22,6,119811),(22,6,134735),(22,6,69270),(22,6,94293),(22,8,111621),(22,8,113873),(22,8,134735),(22,8,44614),(22,8,69001),(22,8,69270),(22,9,111621),(22,9,113873),(22,9,134735),(22,9,69001),(22,9,69270),(25,1,107),(25,1,108130),(25,1,111621),(25,1,113873),(25,1,1180),(25,1,119811),(25,1,134735),(25,1,143368),(25,1,15590),(25,1,196),(25,1,197),(25,1,198),(25,1,199),(25,1,200),(25,1,201),(25,1,202),(25,1,203),(25,1,204),(25,1,21651),(25,1,21652),(25,1,22027),(25,1,227),(25,1,22810),(25,1,2382),(25,1,2457),(25,1,2567),(25,1,264),(25,1,266),(25,1,2764),(25,1,3018),(25,1,3050),(25,1,32215),(25,1,3365),(25,1,45927),(25,1,49410),(25,1,5011),(25,1,522),(25,1,5301),(25,1,61437),(25,1,6233),(25,1,6246),(25,1,6247),(25,1,6477),(25,1,6478),(25,1,6603),(25,1,668),(25,1,68398),(25,1,7266),(25,1,7267),(25,1,7355),(25,1,76268),(25,1,76290),(25,1,78),(25,1,81),(25,1,8386),(25,1,88161),(25,1,88163),(25,1,9077),(25,1,9078),(25,1,9116),(25,1,9125),(25,1,96220),(25,10,100780));
DELETE FROM `playercreateinfo_spell` WHERE (`race`,`class`,`Spell`) IN ((25,10,108130),(25,10,111621),(25,10,113873),(25,10,134735),(25,10,143368),(25,10,15590),(25,10,196),(25,10,198),(25,10,200),(25,10,201),(25,10,203),(25,10,204),(25,10,21651),(25,10,21652),(25,10,22027),(25,10,227),(25,10,22810),(25,10,2382),(25,10,3050),(25,10,3365),(25,10,45927),(25,10,522),(25,10,61437),(25,10,6233),(25,10,6246),(25,10,6247),(25,10,6477),(25,10,6478),(25,10,6603),(25,10,668),(25,10,68398),(25,10,7266),(25,10,7267),(25,10,7355),(25,10,81),(25,10,8386),(25,10,9077),(25,10,9078),(25,10,9125),(25,10,96220),(25,3,108130),(25,3,111621),(25,3,113873),(25,3,1180),(25,3,134735),(25,3,143368),(25,3,15590),(25,3,196),(25,3,197),(25,3,200),(25,3,201),(25,3,202),(25,3,203),(25,3,204),(25,3,21651),(25,3,21652),(25,3,22027),(25,3,227),(25,3,22810),(25,3,2382),(25,3,264),(25,3,266),(25,3,3050),(25,3,3365),(25,3,45927),(25,3,5011),(25,3,522),(25,3,61437),(25,3,6233),(25,3,6246),(25,3,6247),(25,3,6477),(25,3,6478),(25,3,6603),(25,3,668),(25,3,68398),(25,3,7266),(25,3,7267),(25,3,7355),(25,3,81),(25,3,8386),(25,3,9077),(25,3,9078),(25,3,9125),(25,3,96220),(25,4,108130),(25,4,111621),(25,4,113873),(25,4,1180),(25,4,134735),(25,4,143368),(25,4,15590),(25,4,196),(25,4,198),(25,4,201),(25,4,203),(25,4,204),(25,4,21651),(25,4,21652),(25,4,22027),(25,4,22810),(25,4,2382),(25,4,2567),(25,4,264),(25,4,266),(25,4,2764),(25,4,3018),(25,4,3050),(25,4,3365),(25,4,45927),(25,4,5011),(25,4,522),(25,4,61437),(25,4,6233),(25,4,6246),(25,4,6247),(25,4,6477),(25,4,6478),(25,4,6603),(25,4,668),(25,4,674),(25,4,68398),(25,4,7266),(25,4,7267),(25,4,7355),(25,4,81),(25,4,8386),(25,4,9077),(25,4,9078),(25,4,9125),(25,4,96220),(25,5,108130),(25,5,111621),(25,5,113873),(25,5,1180),(25,5,134735),(25,5,143368),(25,5,198),(25,5,203),(25,5,204),(25,5,21651),(25,5,21652),(25,5,22027),(25,5,227),(25,5,22810),(25,5,2382),(25,5,3050),(25,5,3365),(25,5,45927),(25,5,5009),(25,5,5019),(25,5,522),(25,5,61437),(25,5,6233),(25,5,6246),(25,5,6247),(25,5,6477),(25,5,6478),(25,5,6603),(25,5,668),(25,5,68398),(25,5,7266),(25,5,7267),(25,5,7355),(25,5,81),(25,5,8386),(25,5,9078),(25,5,9125),(25,5,96220),(25,7,107),(25,7,108130),(25,7,111621),(25,7,113873),(25,7,1180),(25,7,134735),(25,7,143368),(25,7,15590),(25,7,196),(25,7,197),(25,7,198),(25,7,199),(25,7,203),(25,7,204),(25,7,21651),(25,7,21652),(25,7,22027),(25,7,227),(25,7,22810),(25,7,2382),(25,7,3050),(25,7,3365),(25,7,45927),(25,7,522),(25,7,61437),(25,7,6233),(25,7,6246),(25,7,6247),(25,7,6477),(25,7,6478),(25,7,6603),(25,7,668),(25,7,68398),(25,7,7266),(25,7,7267),(25,7,7355),(25,7,81),(25,7,8386),(25,7,9077),(25,7,9078),(25,7,9116),(25,7,9125),(25,7,96220),(25,8,108130),(25,8,111621),(25,8,113873),(25,8,1180),(25,8,134735),(25,8,143368),(25,8,201),(25,8,203),(25,8,204),(25,8,21651),(25,8,21652),(25,8,22027),(25,8,227),(25,8,22810),(25,8,2382),(25,8,3050),(25,8,3365),(25,8,45927),(25,8,5009),(25,8,5019),(25,8,522),(25,8,61437),(25,8,6233),(25,8,6246),(25,8,6247),(25,8,6477),(25,8,6478),(25,8,6603),(25,8,668),(25,8,68398),(25,8,7266),(25,8,7267),(25,8,7355),(25,8,81),(25,8,8386),(25,8,9078),(25,8,9125),(25,8,96220),(26,1,107),(26,1,108131),(26,1,111621),(26,1,113873),(26,1,1180),(26,1,119811),(26,1,134735),(26,1,143369),(26,1,15590),(26,1,196),(26,1,197),(26,1,198),(26,1,199),(26,1,200),(26,1,201),(26,1,202),(26,1,203),(26,1,204),(26,1,21651),(26,1,21652),(26,1,22027),(26,1,227),(26,1,22810),(26,1,2382),(26,1,2457),(26,1,2567),(26,1,264),(26,1,266),(26,1,2764),(26,1,3018),(26,1,3050),(26,1,32215),(26,1,3365),(26,1,45927),(26,1,49410),(26,1,5011),(26,1,522),(26,1,5301),(26,1,61437),(26,1,6233),(26,1,6246),(26,1,6247),(26,1,6477),(26,1,6478),(26,1,6603),(26,1,669),(26,1,68398),(26,1,7266),(26,1,7267),(26,1,7355),(26,1,76268),(26,1,76290),(26,1,78),(26,1,81),(26,1,8386),(26,1,88161),(26,1,88163),(26,1,9077),(26,1,9078),(26,1,9116),(26,1,9125),(26,1,96220),(26,10,100780),(26,10,108131),(26,10,111621),(26,10,113873),(26,10,134735),(26,10,143369),(26,10,15590),(26,10,196),(26,10,198),(26,10,200),(26,10,201),(26,10,203),(26,10,204),(26,10,21651),(26,10,21652),(26,10,22027),(26,10,227),(26,10,22810),(26,10,2382),(26,10,3050),(26,10,3365),(26,10,45927),(26,10,522),(26,10,61437),(26,10,6233),(26,10,6246),(26,10,6247),(26,10,6477),(26,10,6478),(26,10,6603),(26,10,669),(26,10,68398),(26,10,7266),(26,10,7267),(26,10,7355),(26,10,81),(26,10,8386),(26,10,9077),(26,10,9078),(26,10,9125),(26,10,96220),(26,3,108131),(26,3,111621),(26,3,113873),(26,3,1180),(26,3,134735),(26,3,143369),(26,3,15590),(26,3,196),(26,3,197),(26,3,200),(26,3,201),(26,3,202),(26,3,203),(26,3,204),(26,3,21651),(26,3,21652),(26,3,22027),(26,3,227),(26,3,22810),(26,3,2382),(26,3,264),(26,3,266),(26,3,3050),(26,3,3365),(26,3,45927),(26,3,5011),(26,3,522),(26,3,61437),(26,3,6233),(26,3,6246),(26,3,6247),(26,3,6477),(26,3,6478),(26,3,6603),(26,3,669),(26,3,68398),(26,3,7266),(26,3,7267),(26,3,7355),(26,3,81),(26,3,8386),(26,3,9077),(26,3,9078),(26,3,9125),(26,3,96220),(26,4,108131),(26,4,111621));
DELETE FROM `playercreateinfo_spell` WHERE (`race`,`class`,`Spell`) IN ((26,4,113873),(26,4,1180),(26,4,134735),(26,4,143369),(26,4,15590),(26,4,196),(26,4,198),(26,4,201),(26,4,203),(26,4,204),(26,4,21651),(26,4,21652),(26,4,22027),(26,4,22810),(26,4,2382),(26,4,2567),(26,4,264),(26,4,266),(26,4,2764),(26,4,3018),(26,4,3050),(26,4,3365),(26,4,45927),(26,4,5011),(26,4,522),(26,4,61437),(26,4,6233),(26,4,6246),(26,4,6247),(26,4,6477),(26,4,6478),(26,4,6603),(26,4,669),(26,4,674),(26,4,68398),(26,4,7266),(26,4,7267),(26,4,7355),(26,4,81),(26,4,8386),(26,4,9077),(26,4,9078),(26,4,9125),(26,4,96220),(26,5,108131),(26,5,111621),(26,5,113873),(26,5,1180),(26,5,134735),(26,5,143369),(26,5,198),(26,5,203),(26,5,204),(26,5,21651),(26,5,21652),(26,5,22027),(26,5,227),(26,5,22810),(26,5,2382),(26,5,3050),(26,5,3365),(26,5,45927),(26,5,5009),(26,5,5019),(26,5,522),(26,5,61437),(26,5,6233),(26,5,6246),(26,5,6247),(26,5,6477),(26,5,6478),(26,5,6603),(26,5,669),(26,5,68398),(26,5,7266),(26,5,7267),(26,5,7355),(26,5,81),(26,5,8386),(26,5,9078),(26,5,9125),(26,5,96220),(26,7,107),(26,7,108131),(26,7,111621),(26,7,113873),(26,7,1180),(26,7,134735),(26,7,143369),(26,7,15590),(26,7,196),(26,7,197),(26,7,198),(26,7,199),(26,7,203),(26,7,204),(26,7,21651),(26,7,21652),(26,7,22027),(26,7,227),(26,7,22810),(26,7,2382),(26,7,3050),(26,7,3365),(26,7,45927),(26,7,522),(26,7,61437),(26,7,6233),(26,7,6246),(26,7,6247),(26,7,6477),(26,7,6478),(26,7,6603),(26,7,669),(26,7,68398),(26,7,7266),(26,7,7267),(26,7,7355),(26,7,81),(26,7,8386),(26,7,9077),(26,7,9078),(26,7,9116),(26,7,9125),(26,7,96220),(26,8,108131),(26,8,111621),(26,8,113873),(26,8,1180),(26,8,134735),(26,8,143369),(26,8,201),(26,8,203),(26,8,204),(26,8,21651),(26,8,21652),(26,8,22027),(26,8,227),(26,8,22810),(26,8,2382),(26,8,3050),(26,8,3365),(26,8,45927),(26,8,5009),(26,8,5019),(26,8,522),(26,8,61437),(26,8,6233),(26,8,6246),(26,8,6247),(26,8,6477),(26,8,6478),(26,8,6603),(26,8,669),(26,8,68398),(26,8,7266),(26,8,7267),(26,8,7355),(26,8,81),(26,8,8386),(26,8,9078),(26,8,9125),(26,8,96220),(3,1,111621),(3,1,113873),(3,1,119811),(3,1,134735),(3,1,78),(3,10,100780),(3,10,111621),(3,10,113873),(3,10,134735),(3,10,15590),(3,10,196),(3,10,198),(3,10,200),(3,10,201),(3,10,203),(3,10,204),(3,10,20594),(3,10,20595),(3,10,20596),(3,10,21651),(3,10,21652),(3,10,22027),(3,10,227),(3,10,22810),(3,10,2382),(3,10,3050),(3,10,3365),(3,10,45927),(3,10,522),(3,10,59224),(3,10,61437),(3,10,6233),(3,10,6246),(3,10,6247),(3,10,6477),(3,10,6478),(3,10,6603),(3,10,668),(3,10,672),(3,10,68398),(3,10,7266),(3,10,7267),(3,10,7355),(3,10,79739),(3,10,81),(3,10,8386),(3,10,9077),(3,10,9078),(3,10,9125),(3,10,92682),(3,10,96220),(3,2,111621),(3,2,113873),(3,2,119811),(3,2,134735),(3,3,111621),(3,3,113873),(3,3,134735),(3,4,111621),(3,4,113873),(3,4,134735),(3,5,111621),(3,5,113873),(3,5,134735),(3,5,77486),(3,5,84733),(3,6,111621),(3,6,113873),(3,6,119811),(3,6,134735),(3,7,111621),(3,7,113873),(3,7,134735),(3,8,111621),(3,8,113873),(3,8,134735),(3,8,44614),(3,9,111621),(3,9,113873),(3,9,134735),(4,1,111621),(4,1,113873),(4,1,119811),(4,1,134735),(4,1,78),(4,10,100780),(4,10,111621),(4,10,113873),(4,10,134735),(4,10,15590),(4,10,196),(4,10,198),(4,10,200),(4,10,201),(4,10,203),(4,10,204),(4,10,20582),(4,10,20583),(4,10,20585),(4,10,21009),(4,10,21651),(4,10,21652),(4,10,22027),(4,10,227),(4,10,22810),(4,10,2382),(4,10,3050),(4,10,3365),(4,10,45927),(4,10,522),(4,10,58984),(4,10,61437),(4,10,6233),(4,10,6246),(4,10,6247),(4,10,6477),(4,10,6478),(4,10,6603),(4,10,668),(4,10,671),(4,10,68398),(4,10,7266),(4,10,7267),(4,10,7355),(4,10,76252),(4,10,81),(4,10,8386),(4,10,9077),(4,10,9078),(4,10,9125),(4,10,96220),(4,11,111621),(4,11,113873),(4,11,134735),(4,3,111621),(4,3,113873),(4,3,134735),(4,4,111621),(4,4,113873),(4,4,134735),(4,5,111621),(4,5,113873),(4,5,134735),(4,5,77486),(4,5,84733),(4,6,111621),(4,6,113873),(4,6,119811),(4,6,134735),(4,8,111621),(4,8,113873),(4,8,134735),(4,8,44614),(5,1,111621),(5,1,113873),(5,1,119811),(5,1,134735),(5,1,78),(5,10,100780),(5,10,111621),(5,10,113873),(5,10,134735),(5,10,15590),(5,10,17737),(5,10,196),(5,10,198),(5,10,200),(5,10,201),(5,10,203),(5,10,204),(5,10,20577),(5,10,20579),(5,10,21651),(5,10,21652),(5,10,22027),(5,10,227),(5,10,22810),(5,10,2382),(5,10,3050),(5,10,3365),(5,10,45927),(5,10,522),(5,10,5227),(5,10,61437),(5,10,6233),(5,10,6246),(5,10,6247),(5,10,6477),(5,10,6478),(5,10,6603),(5,10,669),(5,10,68398),(5,10,7266),(5,10,7267),(5,10,7355),(5,10,7744),(5,10,79747),(5,10,81),(5,10,8386),(5,10,9077),(5,10,9078),(5,10,9125),(5,10,96220),(5,3,111621),(5,3,113873),(5,3,134735),(5,4,111621),(5,4,113873),(5,4,134735),(5,5,111621),(5,5,113873),(5,5,134735),(5,5,77486),(5,5,84733),(5,6,111621),(5,6,113873),(5,6,119811),(5,6,134735),(5,8,111621),(5,8,113873),(5,8,134735),(5,8,44614),(5,9,111621),(5,9,113873),(5,9,134735),(6,1,111621),(6,1,113873),(6,1,119811),(6,1,134735),(6,1,78),(6,10,100780),(6,10,111621),(6,10,113873),(6,10,134735),(6,10,15590),(6,10,196),(6,10,198));
DELETE FROM `playercreateinfo_spell` WHERE (`race`,`class`,`Spell`) IN ((6,10,200),(6,10,201),(6,10,203),(6,10,204),(6,10,20549),(6,10,20550),(6,10,20551),(6,10,20552),(6,10,21651),(6,10,21652),(6,10,22027),(6,10,227),(6,10,22810),(6,10,2382),(6,10,3050),(6,10,3365),(6,10,45927),(6,10,522),(6,10,61437),(6,10,6233),(6,10,6246),(6,10,6247),(6,10,6477),(6,10,6478),(6,10,6603),(6,10,669),(6,10,670),(6,10,68398),(6,10,7266),(6,10,7267),(6,10,7355),(6,10,79746),(6,10,81),(6,10,8386),(6,10,9077),(6,10,9078),(6,10,9125),(6,10,96220),(6,11,111621),(6,11,113873),(6,11,134735),(6,2,111621),(6,2,113873),(6,2,119811),(6,2,134735),(6,3,111621),(6,3,113873),(6,3,134735),(6,5,111621),(6,5,113873),(6,5,134735),(6,5,77486),(6,5,84733),(6,6,111621),(6,6,113873),(6,6,119811),(6,6,134735),(6,7,111621),(6,7,113873),(6,7,134735),(6,7,79746),(7,1,111621),(7,1,113873),(7,1,119811),(7,1,134735),(7,1,20589),(7,1,78),(7,10,100780),(7,10,111621),(7,10,113873),(7,10,134735),(7,10,15590),(7,10,196),(7,10,198),(7,10,200),(7,10,201),(7,10,203),(7,10,204),(7,10,20589),(7,10,20591),(7,10,20592),(7,10,20593),(7,10,21651),(7,10,21652),(7,10,22027),(7,10,227),(7,10,22810),(7,10,2382),(7,10,3050),(7,10,3365),(7,10,45927),(7,10,522),(7,10,61437),(7,10,6233),(7,10,6246),(7,10,6247),(7,10,6477),(7,10,6478),(7,10,6603),(7,10,668),(7,10,68398),(7,10,7266),(7,10,7267),(7,10,7340),(7,10,7355),(7,10,79740),(7,10,81),(7,10,8386),(7,10,9077),(7,10,9078),(7,10,9125),(7,10,92680),(7,10,96220),(7,4,111621),(7,4,113873),(7,4,134735),(7,4,20589),(7,5,111621),(7,5,113873),(7,5,134735),(7,5,20589),(7,5,77486),(7,5,84733),(7,6,111621),(7,6,113873),(7,6,119811),(7,6,134735),(7,8,111621),(7,8,113873),(7,8,134735),(7,8,20589),(7,8,44614),(7,9,111621),(7,9,113873),(7,9,134735),(7,9,20589),(8,1,111621),(8,1,113873),(8,1,119811),(8,1,134735),(8,1,78),(8,10,100780),(8,10,111621),(8,10,113873),(8,10,134735),(8,10,15590),(8,10,196),(8,10,198),(8,10,200),(8,10,201),(8,10,203),(8,10,204),(8,10,20555),(8,10,20557),(8,10,21651),(8,10,21652),(8,10,22027),(8,10,227),(8,10,22810),(8,10,2382),(8,10,26290),(8,10,26297),(8,10,3050),(8,10,3365),(8,10,45927),(8,10,522),(8,10,58943),(8,10,61437),(8,10,6233),(8,10,6246),(8,10,6247),(8,10,6477),(8,10,6478),(8,10,6603),(8,10,669),(8,10,68398),(8,10,7266),(8,10,7267),(8,10,7341),(8,10,7355),(8,10,79744),(8,10,81),(8,10,8386),(8,10,9077),(8,10,9078),(8,10,9125),(8,10,96220),(8,11,111621),(8,11,113873),(8,11,134735),(8,3,111621),(8,3,113873),(8,3,134735),(8,4,111621),(8,4,113873),(8,4,134735),(8,5,111621),(8,5,113873),(8,5,134735),(8,5,77486),(8,5,84733),(8,6,111621),(8,6,113873),(8,6,119811),(8,6,134735),(8,7,111621),(8,7,113873),(8,7,134735),(8,8,111621),(8,8,113873),(8,8,134735),(8,8,44614),(8,9,111621),(8,9,113873),(8,9,134735),(9,1,111621),(9,1,113873),(9,1,119811),(9,1,134735),(9,1,78),(9,3,111621),(9,3,113873),(9,3,134735),(9,4,111621),(9,4,113873),(9,4,134735),(9,5,111621),(9,5,113873),(9,5,134735),(9,5,77486),(9,5,84733),(9,6,111621),(9,6,113873),(9,6,119811),(9,6,134735),(9,7,111621),(9,7,113873),(9,7,134735),(9,8,111621),(9,8,113873),(9,8,134735),(9,8,44614),(9,9,111621),(9,9,113873),(9,9,134735));
DELETE FROM `spell_area` WHERE (spell,AREA) IN ((102393,5825),(102393,5846),(102395,5825),(102395,5846),(102398,5835),(102403,5825),(102403,5834),(102403,5843),(114611,5834),(116421,5848),(116571,5862),(128943,6484),(131526,6519),(145389,6757),(27769,4071),(42316,2079),(48358,4123),(48358,4124),(48358,4125),(48358,4127),(48358,4130),(48358,4132),(48358,4133),(48358,4134),(48358,4141),(48358,4143),(48358,4146),(48358,4151),(48358,4152),(48358,4153),(48358,4154),(48358,4155),(48358,4156),(48358,4157),(48358,4158),(48358,4160),(48358,4161),(48358,4162),(48358,4163),(48358,4164),(48358,4165),(48358,4166),(48358,4167),(48358,4168),(48358,4169),(48358,4170),(48358,4171),(48358,4172),(48358,4173),(48358,4174),(48358,4175),(48358,4176),(48358,4177),(48358,4178),(48358,4179),(48358,4180),(48358,4181),(48358,4182),(48358,4183),(48358,4184),(48358,4185),(48358,4186),(48358,4187),(48358,4188),(48358,4189),(48358,4190),(48358,4191),(48358,4192),(48358,4193),(48358,4194),(48358,4195),(48358,4198),(48358,4396),(48358,4414),(48358,4478),(49416,4519),(52693,4298),(54502,4446),(55164,4197),(55858,4440),(55858,4495),(56526,4435),(60922,5829),(68132,4741),(68719,4710),(68719,4741),(68719,4747),(68719,4748),(68719,4749),(68719,4750),(68719,4751),(68719,4752),(68719,4753),(68720,4710),(68720,4741),(68720,4747),(68720,4748),(68720,4749),(68720,4750),(68720,4751),(68720,4752),(68720,4753),(70056,4904),(70057,4904),(72293,4812),(73001,4892),(74410,3638),(74410,3698),(74410,3702),(74410,3968),(74410,4378),(74410,4406),(74411,2597),(74411,2957),(74411,2958),(74411,2959),(74411,2960),(74411,2961),(74411,2962),(74411,2963),(74411,2964),(74411,2977),(74411,2978),(74411,3017),(74411,3057),(74411,3058),(74411,3277),(74411,3297),(74411,3298),(74411,3299),(74411,3300),(74411,3301),(74411,3302),(74411,3303),(74411,3304),(74411,3305),(74411,3306),(74411,3317),(74411,3318),(74411,3320),(74411,3321),(74411,3337),(74411,3338),(74411,3358),(74411,3418),(74411,3420),(74411,3421),(74411,3422),(74411,3423),(74411,3424),(74411,3820),(74411,3869),(74411,3870),(74411,3871),(74411,3872),(74411,4384),(74411,4407),(74411,4408),(74411,4571),(74411,4572),(74411,4604),(74411,4605),(74411,4606),(74411,4607),(74411,4608),(74411,4609),(74411,4610),(74411,4710),(74411,4741),(74411,4747),(74411,4748),(74411,4749),(74411,4750),(74411,4751),(74411,4752),(74411,4753),(74982,368),(75434,367),(75434,393),(78284,109),(79343,109),(91604,4197),(91604,4538),(91604,4539),(91604,4575),(91604,4577),(91604,4581),(91604,4582),(91604,4583),(91604,4585),(91604,4589),(91604,4612),(92237,257));
DELETE FROM `spell_loot_template` WHERE `entry` IN (51771,53831,53832,53843,53844,53845,53852,53854,53856,53857,53859,53860,53861,53865,53869,53870,53871,53872,53873,53874,53875,53876,53877,53879,53880,53882,53883,53884,53885,53891,53892,53893,53894,53917,53918,53919,53920,53921,53922,53923,53924,53925,53932,53933,53934,53941,53943,54017,147597,148099,148103,148104);
DELETE FROM `spell_proc_event` WHERE (entry) IN ((115174),(12598),(12968),(12972),(13165),(1463),(16278),(16282),(16961),(17619),(25988),(26016),(28305),(29838),(30884),(32409),(34954),(35551),(36111),(47515),(49509),(49542),(51128),(51462),(51530),(51701),(51915),(53386),(55381),(56611),(60524),(62114),(62115),(64415),(64714),(64738),(64742),(64786),(64792),(64999),(65002),(65005),(65007),(65013),(65020),(65025),(67653),(67670),(70672),(71903),(72417),(72419),(91023));
DELETE FROM `spell_target_position` WHERE (id) IN ((121847),(121849),(121850),(121851),(121852),(121853),(121854),(121855),(121856),(121857),(121858),(121859),(121860),(121861),(121862),(125060),(130321),(140395),(149407),(64014),(64024),(64025),(64028),(64029),(64030),(64031),(64032),(65042),(70781),(70856),(70857),(70858),(70859),(70860),(70861),(86278));
DELETE FROM `spell_threat` WHERE (entry) IN ((1464),(17057),(23455),(29166),(32546),(33619),(34299),(43265),(45334),(45524),(47568),(48743),(49039),(49576),(498),(5211),(55090),(8056));
DELETE FROM `transports` WHERE (entry) IN ((177233));
DELETE FROM `disables` WHERE (sourceType,entry) IN ((0,16378),(0,31696),(0,32205),(0,45949),(0,53038),(1,10029),(1,10080),(1,10083),(1,10084),(1,10088),(1,10089),(1,10090),(1,10092),(1,10100),(1,10133),(1,10135),(1,10147),(1,10148),(1,10149),(1,10217),(1,10219),(1,10244),(1,10398),(1,10401),(1,10631),(1,10841),(1,10925),(1,11934),(1,12001),(1,12626),(1,13150),(1,13299),(1,13303),(1,14),(1,14000),(1,14020),(1,14427),(1,14441),(1,1518),(1,1521),(1,1661),(1,1719),(1,2058),(1,2059),(1,2359),(1,25076),(1,260),(1,26151),(1,2841),(1,29046),(1,29048),(1,29259),(1,29260),(1,29550),(1,2969),(1,30520),(1,30965),(1,31099),(1,3111),(1,316),(1,3201),(1,32375),(1,328),(1,3581),(1,3628),(1,3802),(1,3825),(1,4299),(1,4734),(1,498),(1,5),(1,503),(1,5383),(1,5505),(1,5511),(1,6062),(1,6067),(1,6081),(1,6082),(1,6083),(1,6086),(1,613),(1,6201),(1,6702),(1,6704),(1,6706),(1,6708),(1,7361),(1,7362),(1,7363),(1,7364),(1,7365),(1,7366),(1,7401),(1,7402),(1,7421),(1,7422),(1,7423),(1,7424),(1,7425),(1,7426),(1,7427),(1,7428),(1,7521),(1,7522),(1,7561),(1,7962),(1,8869),(1,912),(1,9231),(1,9308),(1,9342),(1,9344),(1,9346),(1,9347),(1,9348),(1,9382),(1,9411),(1,9412),(1,9413),(1,9414),(1,9459),(1,9478),(1,9479),(1,9481),(1,9482),(1,9507),(1,9510),(1,9613),(1,9614),(1,9650),(1,9652),(1,9653),(1,9654),(1,9655),(1,9656),(1,9657),(1,9658),(1,9659),(1,9660),(1,9661),(1,9695),(1,9929),(1,9930),(1,9941),(1,9942),(1,9943),(1,9947),(1,9949),(1,9950),(1,9952),(1,9953),(1,9958),(1,9959),(1,9963),(1,9964),(1,9965),(1,9966),(1,9969),(1,9974),(1,9975),(1,9976));
DELETE FROM `pool_creature` WHERE `guid` BETWEEN 8500000 AND 8599999;
DELETE FROM `pool_gameobject` WHERE `guid` BETWEEN 600000 AND 699999;
DELETE FROM `battlemaster_entry` WHERE `entry` IN (20002,22647,22656);

-- ---------------------------------------------------------------- areatrigger_tavern
INSERT INTO `areatrigger_tavern` (`id`,`name`) VALUES
(7983,'Jade Temple Grounds - Inn'),
(8442,'Tavern in the Mists - Inn'),
(8579,'Honeydew Village - Inn'),
(8107,'Dawnchaser Retreat - Inn');

-- ---------------------------------------------------------------- exploration_basexp
INSERT INTO `exploration_basexp` (`level`,`basexp`) VALUES
(89,2006),
(88,1968),
(87,1930),
(86,1892),
(85,1852);

-- ---------------------------------------------------------------- mail_level_reward

-- ---------------------------------------------------------------- pet_levelstats  (hunter pet stats incl. levels 86-93)

-- ---------------------------------------------------------------- pet_name_generation

-- ---------------------------------------------------------------- player_levelstats  (player base stats incl. levels 86-90)
INSERT INTO `player_levelstats` (`race`,`class`,`level`,`str`,`agi`,`sta`,`inte`,`spi`) VALUES
(1,10,1,23,20,22,20,20),
(1,10,2,24,21,23,20,20),
(1,10,3,26,22,24,20,21),
(1,10,4,27,22,26,20,21),
(1,10,5,28,23,27,20,21),
(1,10,6,30,24,28,20,21),
(1,10,7,31,25,29,21,22),
(1,10,8,32,26,30,21,22),
(1,10,9,34,26,32,21,22),
(1,10,10,35,27,33,21,23),
(1,10,11,36,28,34,21,23),
(1,10,12,38,29,35,21,23),
(1,10,13,39,30,37,21,24),
(1,10,14,41,31,38,21,24),
(1,10,15,42,32,39,21,24),
(1,10,16,44,33,41,21,25),
(1,10,17,45,34,42,22,25),
(1,10,18,47,34,43,22,25),
(1,10,19,48,35,45,22,26),
(1,10,20,50,36,46,22,26),
(1,10,21,51,37,48,22,26),
(1,10,22,53,38,49,22,27),
(1,10,23,54,39,51,22,27),
(1,10,24,56,40,52,23,28),
(1,10,25,58,41,53,23,28),
(1,10,26,59,42,55,23,28),
(1,10,27,61,43,56,23,29),
(1,10,28,63,44,58,23,29),
(1,10,29,64,45,59,23,30),
(1,10,30,66,46,61,24,30),
(1,10,31,68,47,62,24,30),
(1,10,32,69,48,64,24,31),
(1,10,33,71,50,66,24,31),
(1,10,34,73,51,67,24,32),
(1,10,35,74,52,69,24,32),
(1,10,36,76,53,70,25,33),
(1,10,37,78,54,72,25,33),
(1,10,38,80,55,74,25,34),
(1,10,39,82,56,75,25,34),
(1,10,40,83,57,77,25,35),
(1,10,41,85,58,79,26,35),
(1,10,42,87,60,80,26,35),
(1,10,43,89,61,82,26,36),
(1,10,44,91,62,84,26,36),
(1,10,45,93,63,85,26,37),
(1,10,46,95,64,87,27,37),
(1,10,47,97,66,89,27,38),
(1,10,48,99,67,91,27,38),
(1,10,49,101,68,93,27,39),
(1,10,50,103,69,94,28,40),
(1,10,51,105,71,96,28,40),
(1,10,52,107,72,98,28,41),
(1,10,53,109,73,100,28,41),
(1,10,54,111,74,102,29,42),
(1,10,55,113,76,103,29,42),
(1,10,56,115,77,105,29,43),
(1,10,57,117,78,107,29,43),
(1,10,58,119,79,109,30,44),
(1,10,59,121,81,111,30,44),
(1,10,60,123,82,113,30,45),
(1,10,61,125,83,115,30,46),
(1,10,62,127,85,117,31,46),
(1,10,63,129,86,119,31,47),
(1,10,64,132,88,121,31,47),
(1,10,65,134,89,123,32,48),
(1,10,66,136,90,125,32,49),
(1,10,67,138,92,127,32,49),
(1,10,68,140,93,129,32,50),
(1,10,69,143,95,131,33,50),
(1,10,70,145,96,133,33,51),
(1,10,71,148,97,140,33,53),
(1,10,72,156,99,143,33,54),
(1,10,73,162,101,148,33,55),
(1,10,74,162,102,148,34,55),
(1,10,75,165,104,150,34,56),
(1,10,76,171,106,156,34,57),
(1,10,77,171,108,157,35,58),
(1,10,78,174,109,159,35,58),
(1,10,79,181,111,165,35,59),
(1,10,80,184,113,168,36,60),
(2,10,1,23,20,22,20,20),
(2,10,2,24,21,23,20,20),
(2,10,3,26,22,24,20,21),
(2,10,4,27,22,26,20,21),
(2,10,5,28,23,27,20,21),
(2,10,6,30,24,28,20,21),
(2,10,7,31,25,29,21,22),
(2,10,8,32,26,30,21,22),
(2,10,9,34,26,32,21,22),
(2,10,10,35,27,33,21,23),
(2,10,11,36,28,34,21,23),
(2,10,12,38,29,35,21,23),
(2,10,13,39,30,37,21,24),
(2,10,14,41,31,38,21,24),
(2,10,15,42,32,39,21,24),
(2,10,16,44,33,41,21,25),
(2,10,17,45,34,42,22,25),
(2,10,18,47,34,43,22,25),
(2,10,19,48,35,45,22,26),
(2,10,20,50,36,46,22,26),
(2,10,21,51,37,48,22,26),
(2,10,22,53,38,49,22,27),
(2,10,23,54,39,51,22,27),
(2,10,24,56,40,52,23,28),
(2,10,25,58,41,53,23,28),
(2,10,26,59,42,55,23,28),
(2,10,27,61,43,56,23,29),
(2,10,28,63,44,58,23,29),
(2,10,29,64,45,59,23,30),
(2,10,30,66,46,61,24,30),
(2,10,31,68,47,62,24,30),
(2,10,32,69,48,64,24,31),
(2,10,33,71,50,66,24,31),
(2,10,34,73,51,67,24,32),
(2,10,35,74,52,69,24,32),
(2,10,36,76,53,70,25,33),
(2,10,37,78,54,72,25,33),
(2,10,38,80,55,74,25,34),
(2,10,39,82,56,75,25,34),
(2,10,40,83,57,77,25,35),
(2,10,41,85,58,79,26,35),
(2,10,42,87,60,80,26,35),
(2,10,43,89,61,82,26,36),
(2,10,44,91,62,84,26,36),
(2,10,45,93,63,85,26,37),
(2,10,46,95,64,87,27,37),
(2,10,47,97,66,89,27,38),
(2,10,48,99,67,91,27,38),
(2,10,49,101,68,93,27,39),
(2,10,50,103,69,94,28,40),
(2,10,51,105,71,96,28,40),
(2,10,52,107,72,98,28,41),
(2,10,53,109,73,100,28,41),
(2,10,54,111,74,102,29,42),
(2,10,55,113,76,103,29,42),
(2,10,56,115,77,105,29,43),
(2,10,57,117,78,107,29,43),
(2,10,58,119,79,109,30,44),
(2,10,59,121,81,111,30,44),
(2,10,60,123,82,113,30,45),
(2,10,61,125,83,115,30,46),
(2,10,62,127,85,117,31,46),
(2,10,63,129,86,119,31,47),
(2,10,64,132,88,121,31,47),
(2,10,65,134,89,123,32,48),
(2,10,66,136,90,125,32,49),
(2,10,67,138,92,127,32,49),
(2,10,68,140,93,129,32,50),
(2,10,69,143,95,131,33,50),
(2,10,70,145,96,133,33,51),
(2,10,71,148,97,140,33,53),
(2,10,72,156,99,143,33,54),
(2,10,73,162,101,148,33,55),
(2,10,74,162,102,148,34,55),
(2,10,75,165,104,150,34,56),
(2,10,76,171,106,156,34,57),
(2,10,77,171,108,157,35,58),
(2,10,78,174,109,159,35,58),
(2,10,79,181,111,165,35,59),
(2,10,80,184,113,168,36,60),
(3,10,1,23,20,22,20,20),
(3,10,2,24,21,23,20,20),
(3,10,3,26,22,24,20,21),
(3,10,4,27,22,26,20,21),
(3,10,5,28,23,27,20,21),
(3,10,6,30,24,28,20,21),
(3,10,7,31,25,29,21,22),
(3,10,8,32,26,30,21,22),
(3,10,9,34,26,32,21,22),
(3,10,10,35,27,33,21,23),
(3,10,11,36,28,34,21,23),
(3,10,12,38,29,35,21,23),
(3,10,13,39,30,37,21,24),
(3,10,14,41,31,38,21,24),
(3,10,15,42,32,39,21,24),
(3,10,16,44,33,41,21,25),
(3,10,17,45,34,42,22,25),
(3,10,18,47,34,43,22,25),
(3,10,19,48,35,45,22,26),
(3,10,20,50,36,46,22,26),
(3,10,21,51,37,48,22,26),
(3,10,22,53,38,49,22,27),
(3,10,23,54,39,51,22,27),
(3,10,24,56,40,52,23,28),
(3,10,25,58,41,53,23,28),
(3,10,26,59,42,55,23,28),
(3,10,27,61,43,56,23,29),
(3,10,28,63,44,58,23,29),
(3,10,29,64,45,59,23,30),
(3,10,30,66,46,61,24,30),
(3,10,31,68,47,62,24,30),
(3,10,32,69,48,64,24,31),
(3,10,33,71,50,66,24,31),
(3,10,34,73,51,67,24,32),
(3,10,35,74,52,69,24,32),
(3,10,36,76,53,70,25,33),
(3,10,37,78,54,72,25,33),
(3,10,38,80,55,74,25,34),
(3,10,39,82,56,75,25,34),
(3,10,40,83,57,77,25,35),
(3,10,41,85,58,79,26,35),
(3,10,42,87,60,80,26,35),
(3,10,43,89,61,82,26,36),
(3,10,44,91,62,84,26,36),
(3,10,45,93,63,85,26,37),
(3,10,46,95,64,87,27,37),
(3,10,47,97,66,89,27,38),
(3,10,48,99,67,91,27,38),
(3,10,49,101,68,93,27,39),
(3,10,50,103,69,94,28,40),
(3,10,51,105,71,96,28,40),
(3,10,52,107,72,98,28,41),
(3,10,53,109,73,100,28,41),
(3,10,54,111,74,102,29,42),
(3,10,55,113,76,103,29,42),
(3,10,56,115,77,105,29,43),
(3,10,57,117,78,107,29,43),
(3,10,58,119,79,109,30,44),
(3,10,59,121,81,111,30,44),
(3,10,60,123,82,113,30,45),
(3,10,61,125,83,115,30,46),
(3,10,62,127,85,117,31,46),
(3,10,63,129,86,119,31,47),
(3,10,64,132,88,121,31,47),
(3,10,65,134,89,123,32,48),
(3,10,66,136,90,125,32,49),
(3,10,67,138,92,127,32,49),
(3,10,68,140,93,129,32,50),
(3,10,69,143,95,131,33,50),
(3,10,70,145,96,133,33,51),
(3,10,71,148,97,140,33,53),
(3,10,72,156,99,143,33,54),
(3,10,73,162,101,148,33,55),
(3,10,74,162,102,148,34,55),
(3,10,75,165,104,150,34,56),
(3,10,76,171,106,156,34,57),
(3,10,77,171,108,157,35,58),
(3,10,78,174,109,159,35,58),
(3,10,79,181,111,165,35,59),
(3,10,80,184,113,168,36,60),
(4,10,1,23,20,22,20,20),
(4,10,2,24,21,23,20,20),
(4,10,3,26,22,24,20,21),
(4,10,4,27,22,26,20,21),
(4,10,5,28,23,27,20,21),
(4,10,6,30,24,28,20,21),
(4,10,7,31,25,29,21,22),
(4,10,8,32,26,30,21,22),
(4,10,9,34,26,32,21,22),
(4,10,10,35,27,33,21,23),
(4,10,11,36,28,34,21,23),
(4,10,12,38,29,35,21,23),
(4,10,13,39,30,37,21,24),
(4,10,14,41,31,38,21,24),
(4,10,15,42,32,39,21,24),
(4,10,16,44,33,41,21,25),
(4,10,17,45,34,42,22,25),
(4,10,18,47,34,43,22,25),
(4,10,19,48,35,45,22,26),
(4,10,20,50,36,46,22,26),
(4,10,21,51,37,48,22,26),
(4,10,22,53,38,49,22,27),
(4,10,23,54,39,51,22,27),
(4,10,24,56,40,52,23,28),
(4,10,25,58,41,53,23,28),
(4,10,26,59,42,55,23,28),
(4,10,27,61,43,56,23,29),
(4,10,28,63,44,58,23,29),
(4,10,29,64,45,59,23,30),
(4,10,30,66,46,61,24,30),
(4,10,31,68,47,62,24,30),
(4,10,32,69,48,64,24,31),
(4,10,33,71,50,66,24,31),
(4,10,34,73,51,67,24,32),
(4,10,35,74,52,69,24,32),
(4,10,36,76,53,70,25,33),
(4,10,37,78,54,72,25,33),
(4,10,38,80,55,74,25,34),
(4,10,39,82,56,75,25,34),
(4,10,40,83,57,77,25,35),
(4,10,41,85,58,79,26,35),
(4,10,42,87,60,80,26,35),
(4,10,43,89,61,82,26,36),
(4,10,44,91,62,84,26,36),
(4,10,45,93,63,85,26,37),
(4,10,46,95,64,87,27,37),
(4,10,47,97,66,89,27,38),
(4,10,48,99,67,91,27,38),
(4,10,49,101,68,93,27,39),
(4,10,50,103,69,94,28,40),
(4,10,51,105,71,96,28,40),
(4,10,52,107,72,98,28,41),
(4,10,53,109,73,100,28,41),
(4,10,54,111,74,102,29,42),
(4,10,55,113,76,103,29,42),
(4,10,56,115,77,105,29,43),
(4,10,57,117,78,107,29,43),
(4,10,58,119,79,109,30,44),
(4,10,59,121,81,111,30,44),
(4,10,60,123,82,113,30,45);
INSERT INTO `player_levelstats` (`race`,`class`,`level`,`str`,`agi`,`sta`,`inte`,`spi`) VALUES
(4,10,61,125,83,115,30,46),
(4,10,62,127,85,117,31,46),
(4,10,63,129,86,119,31,47),
(4,10,64,132,88,121,31,47),
(4,10,65,134,89,123,32,48),
(4,10,66,136,90,125,32,49),
(4,10,67,138,92,127,32,49),
(4,10,68,140,93,129,32,50),
(4,10,69,143,95,131,33,50),
(4,10,70,145,96,133,33,51),
(4,10,71,148,97,140,33,53),
(4,10,72,156,99,143,33,54),
(4,10,73,162,101,148,33,55),
(4,10,74,162,102,148,34,55),
(4,10,75,165,104,150,34,56),
(4,10,76,171,106,156,34,57),
(4,10,77,171,108,157,35,58),
(4,10,78,174,109,159,35,58),
(4,10,79,181,111,165,35,59),
(4,10,80,184,113,168,36,60),
(5,10,1,23,20,22,20,20),
(5,10,2,24,21,23,20,20),
(5,10,3,26,22,24,20,21),
(5,10,4,27,22,26,20,21),
(5,10,5,28,23,27,20,21),
(5,10,6,30,24,28,20,21),
(5,10,7,31,25,29,21,22),
(5,10,8,32,26,30,21,22),
(5,10,9,34,26,32,21,22),
(5,10,10,35,27,33,21,23),
(5,10,11,36,28,34,21,23),
(5,10,12,38,29,35,21,23),
(5,10,13,39,30,37,21,24),
(5,10,14,41,31,38,21,24),
(5,10,15,42,32,39,21,24),
(5,10,16,44,33,41,21,25),
(5,10,17,45,34,42,22,25),
(5,10,18,47,34,43,22,25),
(5,10,19,48,35,45,22,26),
(5,10,20,50,36,46,22,26),
(5,10,21,51,37,48,22,26),
(5,10,22,53,38,49,22,27),
(5,10,23,54,39,51,22,27),
(5,10,24,56,40,52,23,28),
(5,10,25,58,41,53,23,28),
(5,10,26,59,42,55,23,28),
(5,10,27,61,43,56,23,29),
(5,10,28,63,44,58,23,29),
(5,10,29,64,45,59,23,30),
(5,10,30,66,46,61,24,30),
(5,10,31,68,47,62,24,30),
(5,10,32,69,48,64,24,31),
(5,10,33,71,50,66,24,31),
(5,10,34,73,51,67,24,32),
(5,10,35,74,52,69,24,32),
(5,10,36,76,53,70,25,33),
(5,10,37,78,54,72,25,33),
(5,10,38,80,55,74,25,34),
(5,10,39,82,56,75,25,34),
(5,10,40,83,57,77,25,35),
(5,10,41,85,58,79,26,35),
(5,10,42,87,60,80,26,35),
(5,10,43,89,61,82,26,36),
(5,10,44,91,62,84,26,36),
(5,10,45,93,63,85,26,37),
(5,10,46,95,64,87,27,37),
(5,10,47,97,66,89,27,38),
(5,10,48,99,67,91,27,38),
(5,10,49,101,68,93,27,39),
(5,10,50,103,69,94,28,40),
(5,10,51,105,71,96,28,40),
(5,10,52,107,72,98,28,41),
(5,10,53,109,73,100,28,41),
(5,10,54,111,74,102,29,42),
(5,10,55,113,76,103,29,42),
(5,10,56,115,77,105,29,43),
(5,10,57,117,78,107,29,43),
(5,10,58,119,79,109,30,44),
(5,10,59,121,81,111,30,44),
(5,10,60,123,82,113,30,45),
(5,10,61,125,83,115,30,46),
(5,10,62,127,85,117,31,46),
(5,10,63,129,86,119,31,47),
(5,10,64,132,88,121,31,47),
(5,10,65,134,89,123,32,48),
(5,10,66,136,90,125,32,49),
(5,10,67,138,92,127,32,49),
(5,10,68,140,93,129,32,50),
(5,10,69,143,95,131,33,50),
(5,10,70,145,96,133,33,51),
(5,10,71,148,97,140,33,53),
(5,10,72,156,99,143,33,54),
(5,10,73,162,101,148,33,55),
(5,10,74,162,102,148,34,55),
(5,10,75,165,104,150,34,56),
(5,10,76,171,106,156,34,57),
(5,10,77,171,108,157,35,58),
(5,10,78,174,109,159,35,58),
(5,10,79,181,111,165,35,59),
(5,10,80,184,113,168,36,60),
(6,10,1,23,20,22,20,20),
(6,10,2,24,21,23,20,20),
(6,10,3,26,22,24,20,21),
(6,10,4,27,22,26,20,21),
(6,10,5,28,23,27,20,21),
(6,10,6,30,24,28,20,21),
(6,10,7,31,25,29,21,22),
(6,10,8,32,26,30,21,22),
(6,10,9,34,26,32,21,22),
(6,10,10,35,27,33,21,23),
(6,10,11,36,28,34,21,23),
(6,10,12,38,29,35,21,23),
(6,10,13,39,30,37,21,24),
(6,10,14,41,31,38,21,24),
(6,10,15,42,32,39,21,24),
(6,10,16,44,33,41,21,25),
(6,10,17,45,34,42,22,25),
(6,10,18,47,34,43,22,25),
(6,10,19,48,35,45,22,26),
(6,10,20,50,36,46,22,26),
(6,10,21,51,37,48,22,26),
(6,10,22,53,38,49,22,27),
(6,10,23,54,39,51,22,27),
(6,10,24,56,40,52,23,28),
(6,10,25,58,41,53,23,28),
(6,10,26,59,42,55,23,28),
(6,10,27,61,43,56,23,29),
(6,10,28,63,44,58,23,29),
(6,10,29,64,45,59,23,30),
(6,10,30,66,46,61,24,30),
(6,10,31,68,47,62,24,30),
(6,10,32,69,48,64,24,31),
(6,10,33,71,50,66,24,31),
(6,10,34,73,51,67,24,32),
(6,10,35,74,52,69,24,32),
(6,10,36,76,53,70,25,33),
(6,10,37,78,54,72,25,33),
(6,10,38,80,55,74,25,34),
(6,10,39,82,56,75,25,34),
(6,10,40,83,57,77,25,35),
(6,10,41,85,58,79,26,35),
(6,10,42,87,60,80,26,35),
(6,10,43,89,61,82,26,36),
(6,10,44,91,62,84,26,36),
(6,10,45,93,63,85,26,37),
(6,10,46,95,64,87,27,37),
(6,10,47,97,66,89,27,38),
(6,10,48,99,67,91,27,38),
(6,10,49,101,68,93,27,39),
(6,10,50,103,69,94,28,40),
(6,10,51,105,71,96,28,40),
(6,10,52,107,72,98,28,41),
(6,10,53,109,73,100,28,41),
(6,10,54,111,74,102,29,42),
(6,10,55,113,76,103,29,42),
(6,10,56,115,77,105,29,43),
(6,10,57,117,78,107,29,43),
(6,10,58,119,79,109,30,44),
(6,10,59,121,81,111,30,44),
(6,10,60,123,82,113,30,45),
(6,10,61,125,83,115,30,46),
(6,10,62,127,85,117,31,46),
(6,10,63,129,86,119,31,47),
(6,10,64,132,88,121,31,47),
(6,10,65,134,89,123,32,48),
(6,10,66,136,90,125,32,49),
(6,10,67,138,92,127,32,49),
(6,10,68,140,93,129,32,50),
(6,10,69,143,95,131,33,50),
(6,10,70,145,96,133,33,51),
(6,10,71,148,97,140,33,53),
(6,10,72,156,99,143,33,54),
(6,10,73,162,101,148,33,55),
(6,10,74,162,102,148,34,55),
(6,10,75,165,104,150,34,56),
(6,10,76,171,106,156,34,57),
(6,10,77,171,108,157,35,58),
(6,10,78,174,109,159,35,58),
(6,10,79,181,111,165,35,59),
(6,10,80,184,113,168,36,60),
(7,10,1,23,20,22,20,20),
(7,10,2,24,21,23,20,20),
(7,10,3,26,22,24,20,21),
(7,10,4,27,22,26,20,21),
(7,10,5,28,23,27,20,21),
(7,10,6,30,24,28,20,21),
(7,10,7,31,25,29,21,22),
(7,10,8,32,26,30,21,22),
(7,10,9,34,26,32,21,22),
(7,10,10,35,27,33,21,23),
(7,10,11,36,28,34,21,23),
(7,10,12,38,29,35,21,23),
(7,10,13,39,30,37,21,24),
(7,10,14,41,31,38,21,24),
(7,10,15,42,32,39,21,24),
(7,10,16,44,33,41,21,25),
(7,10,17,45,34,42,22,25),
(7,10,18,47,34,43,22,25),
(7,10,19,48,35,45,22,26),
(7,10,20,50,36,46,22,26),
(7,10,21,51,37,48,22,26),
(7,10,22,53,38,49,22,27),
(7,10,23,54,39,51,22,27),
(7,10,24,56,40,52,23,28),
(7,10,25,58,41,53,23,28),
(7,10,26,59,42,55,23,28),
(7,10,27,61,43,56,23,29),
(7,10,28,63,44,58,23,29),
(7,10,29,64,45,59,23,30),
(7,10,30,66,46,61,24,30),
(7,10,31,68,47,62,24,30),
(7,10,32,69,48,64,24,31),
(7,10,33,71,50,66,24,31),
(7,10,34,73,51,67,24,32),
(7,10,35,74,52,69,24,32),
(7,10,36,76,53,70,25,33),
(7,10,37,78,54,72,25,33),
(7,10,38,80,55,74,25,34),
(7,10,39,82,56,75,25,34),
(7,10,40,83,57,77,25,35),
(7,10,41,85,58,79,26,35),
(7,10,42,87,60,80,26,35),
(7,10,43,89,61,82,26,36),
(7,10,44,91,62,84,26,36),
(7,10,45,93,63,85,26,37),
(7,10,46,95,64,87,27,37),
(7,10,47,97,66,89,27,38),
(7,10,48,99,67,91,27,38),
(7,10,49,101,68,93,27,39),
(7,10,50,103,69,94,28,40),
(7,10,51,105,71,96,28,40),
(7,10,52,107,72,98,28,41),
(7,10,53,109,73,100,28,41),
(7,10,54,111,74,102,29,42),
(7,10,55,113,76,103,29,42),
(7,10,56,115,77,105,29,43),
(7,10,57,117,78,107,29,43),
(7,10,58,119,79,109,30,44),
(7,10,59,121,81,111,30,44),
(7,10,60,123,82,113,30,45),
(7,10,61,125,83,115,30,46),
(7,10,62,127,85,117,31,46),
(7,10,63,129,86,119,31,47),
(7,10,64,132,88,121,31,47),
(7,10,65,134,89,123,32,48),
(7,10,66,136,90,125,32,49),
(7,10,67,138,92,127,32,49),
(7,10,68,140,93,129,32,50),
(7,10,69,143,95,131,33,50),
(7,10,70,145,96,133,33,51),
(7,10,71,148,97,140,33,53),
(7,10,72,156,99,143,33,54),
(7,10,73,162,101,148,33,55),
(7,10,74,162,102,148,34,55),
(7,10,75,165,104,150,34,56),
(7,10,76,171,106,156,34,57),
(7,10,77,171,108,157,35,58),
(7,10,78,174,109,159,35,58),
(7,10,79,181,111,165,35,59),
(7,10,80,184,113,168,36,60),
(8,10,1,23,20,22,20,20),
(8,10,2,24,21,23,20,20),
(8,10,3,26,22,24,20,21),
(8,10,4,27,22,26,20,21),
(8,10,5,28,23,27,20,21),
(8,10,6,30,24,28,20,21),
(8,10,7,31,25,29,21,22),
(8,10,8,32,26,30,21,22),
(8,10,9,34,26,32,21,22),
(8,10,10,35,27,33,21,23),
(8,10,11,36,28,34,21,23),
(8,10,12,38,29,35,21,23),
(8,10,13,39,30,37,21,24),
(8,10,14,41,31,38,21,24),
(8,10,15,42,32,39,21,24),
(8,10,16,44,33,41,21,25),
(8,10,17,45,34,42,22,25),
(8,10,18,47,34,43,22,25),
(8,10,19,48,35,45,22,26),
(8,10,20,50,36,46,22,26),
(8,10,21,51,37,48,22,26),
(8,10,22,53,38,49,22,27),
(8,10,23,54,39,51,22,27),
(8,10,24,56,40,52,23,28),
(8,10,25,58,41,53,23,28),
(8,10,26,59,42,55,23,28),
(8,10,27,61,43,56,23,29),
(8,10,28,63,44,58,23,29),
(8,10,29,64,45,59,23,30),
(8,10,30,66,46,61,24,30),
(8,10,31,68,47,62,24,30),
(8,10,32,69,48,64,24,31),
(8,10,33,71,50,66,24,31),
(8,10,34,73,51,67,24,32),
(8,10,35,74,52,69,24,32),
(8,10,36,76,53,70,25,33),
(8,10,37,78,54,72,25,33),
(8,10,38,80,55,74,25,34),
(8,10,39,82,56,75,25,34),
(8,10,40,83,57,77,25,35);
INSERT INTO `player_levelstats` (`race`,`class`,`level`,`str`,`agi`,`sta`,`inte`,`spi`) VALUES
(8,10,41,85,58,79,26,35),
(8,10,42,87,60,80,26,35),
(8,10,43,89,61,82,26,36),
(8,10,44,91,62,84,26,36),
(8,10,45,93,63,85,26,37),
(8,10,46,95,64,87,27,37),
(8,10,47,97,66,89,27,38),
(8,10,48,99,67,91,27,38),
(8,10,49,101,68,93,27,39),
(8,10,50,103,69,94,28,40),
(8,10,51,105,71,96,28,40),
(8,10,52,107,72,98,28,41),
(8,10,53,109,73,100,28,41),
(8,10,54,111,74,102,29,42),
(8,10,55,113,76,103,29,42),
(8,10,56,115,77,105,29,43),
(8,10,57,117,78,107,29,43),
(8,10,58,119,79,109,30,44),
(8,10,59,121,81,111,30,44),
(8,10,60,123,82,113,30,45),
(8,10,61,125,83,115,30,46),
(8,10,62,127,85,117,31,46),
(8,10,63,129,86,119,31,47),
(8,10,64,132,88,121,31,47),
(8,10,65,134,89,123,32,48),
(8,10,66,136,90,125,32,49),
(8,10,67,138,92,127,32,49),
(8,10,68,140,93,129,32,50),
(8,10,69,143,95,131,33,50),
(8,10,70,145,96,133,33,51),
(8,10,71,148,97,140,33,53),
(8,10,72,156,99,143,33,54),
(8,10,73,162,101,148,33,55),
(8,10,74,162,102,148,34,55),
(8,10,75,165,104,150,34,56),
(8,10,76,171,106,156,34,57),
(8,10,77,171,108,157,35,58),
(8,10,78,174,109,159,35,58),
(8,10,79,181,111,165,35,59),
(8,10,80,184,113,168,36,60),
(10,10,1,23,20,22,20,20),
(10,10,2,24,21,23,20,20),
(10,10,3,26,22,24,20,21),
(10,10,4,27,22,26,20,21),
(10,10,5,28,23,27,20,21),
(10,10,6,30,24,28,20,21),
(10,10,7,31,25,29,21,22),
(10,10,8,32,26,30,21,22),
(10,10,9,34,26,32,21,22),
(10,10,10,35,27,33,21,23),
(10,10,11,36,28,34,21,23),
(10,10,12,38,29,35,21,23),
(10,10,13,39,30,37,21,24),
(10,10,14,41,31,38,21,24),
(10,10,15,42,32,39,21,24),
(10,10,16,44,33,41,21,25),
(10,10,17,45,34,42,22,25),
(10,10,18,47,34,43,22,25),
(10,10,19,48,35,45,22,26),
(10,10,20,50,36,46,22,26),
(10,10,21,51,37,48,22,26),
(10,10,22,53,38,49,22,27),
(10,10,23,54,39,51,22,27),
(10,10,24,56,40,52,23,28),
(10,10,25,58,41,53,23,28),
(10,10,26,59,42,55,23,28),
(10,10,27,61,43,56,23,29),
(10,10,28,63,44,58,23,29),
(10,10,29,64,45,59,23,30),
(10,10,30,66,46,61,24,30),
(10,10,31,68,47,62,24,30),
(10,10,32,69,48,64,24,31),
(10,10,33,71,50,66,24,31),
(10,10,34,73,51,67,24,32),
(10,10,35,74,52,69,24,32),
(10,10,36,76,53,70,25,33),
(10,10,37,78,54,72,25,33),
(10,10,38,80,55,74,25,34),
(10,10,39,82,56,75,25,34),
(10,10,40,83,57,77,25,35),
(10,10,41,85,58,79,26,35),
(10,10,42,87,60,80,26,35),
(10,10,43,89,61,82,26,36),
(10,10,44,91,62,84,26,36),
(10,10,45,93,63,85,26,37),
(10,10,46,95,64,87,27,37),
(10,10,47,97,66,89,27,38),
(10,10,48,99,67,91,27,38),
(10,10,49,101,68,93,27,39),
(10,10,50,103,69,94,28,40),
(10,10,51,105,71,96,28,40),
(10,10,52,107,72,98,28,41),
(10,10,53,109,73,100,28,41),
(10,10,54,111,74,102,29,42),
(10,10,55,113,76,103,29,42),
(10,10,56,115,77,105,29,43),
(10,10,57,117,78,107,29,43),
(10,10,58,119,79,109,30,44),
(10,10,59,121,81,111,30,44),
(10,10,60,123,82,113,30,45),
(10,10,61,125,83,115,30,46),
(10,10,62,127,85,117,31,46),
(10,10,63,129,86,119,31,47),
(10,10,64,132,88,121,31,47),
(10,10,65,134,89,123,32,48),
(10,10,66,136,90,125,32,49),
(10,10,67,138,92,127,32,49),
(10,10,68,140,93,129,32,50),
(10,10,69,143,95,131,33,50),
(10,10,70,145,96,133,33,51),
(10,10,71,148,97,140,33,53),
(10,10,72,156,99,143,33,54),
(10,10,73,162,101,148,33,55),
(10,10,74,162,102,148,34,55),
(10,10,75,165,104,150,34,56),
(10,10,76,171,106,156,34,57),
(10,10,77,171,108,157,35,58),
(10,10,78,174,109,159,35,58),
(10,10,79,181,111,165,35,59),
(10,10,80,184,113,168,36,60),
(11,10,1,23,20,22,20,20),
(11,10,2,24,21,23,20,20),
(11,10,3,26,22,24,20,21),
(11,10,4,27,22,26,20,21),
(11,10,5,28,23,27,20,21),
(11,10,6,30,24,28,20,21),
(11,10,7,31,25,29,21,22),
(11,10,8,32,26,30,21,22),
(11,10,9,34,26,32,21,22),
(11,10,10,35,27,33,21,23),
(11,10,11,36,28,34,21,23),
(11,10,12,38,29,35,21,23),
(11,10,13,39,30,37,21,24),
(11,10,14,41,31,38,21,24),
(11,10,15,42,32,39,21,24),
(11,10,16,44,33,41,21,25),
(11,10,17,45,34,42,22,25),
(11,10,18,47,34,43,22,25),
(11,10,19,48,35,45,22,26),
(11,10,20,50,36,46,22,26),
(11,10,21,51,37,48,22,26),
(11,10,22,53,38,49,22,27),
(11,10,23,54,39,51,22,27),
(11,10,24,56,40,52,23,28),
(11,10,25,58,41,53,23,28),
(11,10,26,59,42,55,23,28),
(11,10,27,61,43,56,23,29),
(11,10,28,63,44,58,23,29),
(11,10,29,64,45,59,23,30),
(11,10,30,66,46,61,24,30),
(11,10,31,68,47,62,24,30),
(11,10,32,69,48,64,24,31),
(11,10,33,71,50,66,24,31),
(11,10,34,73,51,67,24,32),
(11,10,35,74,52,69,24,32),
(11,10,36,76,53,70,25,33),
(11,10,37,78,54,72,25,33),
(11,10,38,80,55,74,25,34),
(11,10,39,82,56,75,25,34),
(11,10,40,83,57,77,25,35),
(11,10,41,85,58,79,26,35),
(11,10,42,87,60,80,26,35),
(11,10,43,89,61,82,26,36),
(11,10,44,91,62,84,26,36),
(11,10,45,93,63,85,26,37),
(11,10,46,95,64,87,27,37),
(11,10,47,97,66,89,27,38),
(11,10,48,99,67,91,27,38),
(11,10,49,101,68,93,27,39),
(11,10,50,103,69,94,28,40),
(11,10,51,105,71,96,28,40),
(11,10,52,107,72,98,28,41),
(11,10,53,109,73,100,28,41),
(11,10,54,111,74,102,29,42),
(11,10,55,113,76,103,29,42),
(11,10,56,115,77,105,29,43),
(11,10,57,117,78,107,29,43),
(11,10,58,119,79,109,30,44),
(11,10,59,121,81,111,30,44),
(11,10,60,123,82,113,30,45),
(11,10,61,125,83,115,30,46),
(11,10,62,127,85,117,31,46),
(11,10,63,129,86,119,31,47),
(11,10,64,132,88,121,31,47),
(11,10,65,134,89,123,32,48),
(11,10,66,136,90,125,32,49),
(11,10,67,138,92,127,32,49),
(11,10,68,140,93,129,32,50),
(11,10,69,143,95,131,33,50),
(11,10,70,145,96,133,33,51),
(11,10,71,148,97,140,33,53),
(11,10,72,156,99,143,33,54),
(11,10,73,162,101,148,33,55),
(11,10,74,162,102,148,34,55),
(11,10,75,165,104,150,34,56),
(11,10,76,171,106,156,34,57),
(11,10,77,171,108,157,35,58),
(11,10,78,174,109,159,35,58),
(11,10,79,181,111,165,35,59),
(11,10,80,184,113,168,36,60),
(25,1,1,23,20,22,20,20),
(25,1,2,24,21,23,20,20),
(25,1,3,26,22,24,20,21),
(25,1,4,27,22,26,20,21),
(25,1,5,28,23,27,20,21),
(25,1,6,30,24,28,20,21),
(25,1,7,31,25,29,21,22),
(25,1,8,32,26,30,21,22),
(25,1,9,34,26,32,21,22),
(25,1,10,35,27,33,21,23),
(25,1,11,36,28,34,21,23),
(25,1,12,38,29,35,21,23),
(25,1,13,39,30,37,21,24),
(25,1,14,41,31,38,21,24),
(25,1,15,42,32,39,21,24),
(25,1,16,44,33,41,21,25),
(25,1,17,45,34,42,22,25),
(25,1,18,47,34,43,22,25),
(25,1,19,48,35,45,22,26),
(25,1,20,50,36,46,22,26),
(25,1,21,51,37,48,22,26),
(25,1,22,53,38,49,22,27),
(25,1,23,54,39,51,22,27),
(25,1,24,56,40,52,23,28),
(25,1,25,58,41,53,23,28),
(25,1,26,59,42,55,23,28),
(25,1,27,61,43,56,23,29),
(25,1,28,63,44,58,23,29),
(25,1,29,64,45,59,23,30),
(25,1,30,66,46,61,24,30),
(25,1,31,68,47,62,24,30),
(25,1,32,69,48,64,24,31),
(25,1,33,71,50,66,24,31),
(25,1,34,73,51,67,24,32),
(25,1,35,74,52,69,24,32),
(25,1,36,76,53,70,25,33),
(25,1,37,78,54,72,25,33),
(25,1,38,80,55,74,25,34),
(25,1,39,82,56,75,25,34),
(25,1,40,83,57,77,25,35),
(25,1,41,85,58,79,26,35),
(25,1,42,87,60,80,26,35),
(25,1,43,89,61,82,26,36),
(25,1,44,91,62,84,26,36),
(25,1,45,93,63,85,26,37),
(25,1,46,95,64,87,27,37),
(25,1,47,97,66,89,27,38),
(25,1,48,99,67,91,27,38),
(25,1,49,101,68,93,27,39),
(25,1,50,103,69,94,28,40),
(25,1,51,105,71,96,28,40),
(25,1,52,107,72,98,28,41),
(25,1,53,109,73,100,28,41),
(25,1,54,111,74,102,29,42),
(25,1,55,113,76,103,29,42),
(25,1,56,115,77,105,29,43),
(25,1,57,117,78,107,29,43),
(25,1,58,119,79,109,30,44),
(25,1,59,121,81,111,30,44),
(25,1,60,123,82,113,30,45),
(25,1,61,125,83,115,30,46),
(25,1,62,127,85,117,31,46),
(25,1,63,129,86,119,31,47),
(25,1,64,132,88,121,31,47),
(25,1,65,134,89,123,32,48),
(25,1,66,136,90,125,32,49),
(25,1,67,138,92,127,32,49),
(25,1,68,140,93,129,32,50),
(25,1,69,143,95,131,33,50),
(25,1,70,145,96,133,33,51),
(25,1,71,148,97,140,33,53),
(25,1,72,156,99,143,33,54),
(25,1,73,162,101,148,33,55),
(25,1,74,162,102,148,34,55),
(25,1,75,165,104,150,34,56),
(25,1,76,171,106,156,34,57),
(25,1,77,171,108,157,35,58),
(25,1,78,174,109,159,35,58),
(25,1,79,181,111,165,35,59),
(25,1,80,184,113,168,36,60),
(25,3,1,23,20,22,20,20),
(25,3,2,24,21,23,20,20),
(25,3,3,26,22,24,20,21),
(25,3,4,27,22,26,20,21),
(25,3,5,28,23,27,20,21),
(25,3,6,30,24,28,20,21),
(25,3,7,31,25,29,21,22),
(25,3,8,32,26,30,21,22),
(25,3,9,34,26,32,21,22),
(25,3,10,35,27,33,21,23),
(25,3,11,36,28,34,21,23),
(25,3,12,38,29,35,21,23),
(25,3,13,39,30,37,21,24),
(25,3,14,41,31,38,21,24),
(25,3,15,42,32,39,21,24),
(25,3,16,44,33,41,21,25),
(25,3,17,45,34,42,22,25),
(25,3,18,47,34,43,22,25),
(25,3,19,48,35,45,22,26),
(25,3,20,50,36,46,22,26);
INSERT INTO `player_levelstats` (`race`,`class`,`level`,`str`,`agi`,`sta`,`inte`,`spi`) VALUES
(25,3,21,51,37,48,22,26),
(25,3,22,53,38,49,22,27),
(25,3,23,54,39,51,22,27),
(25,3,24,56,40,52,23,28),
(25,3,25,58,41,53,23,28),
(25,3,26,59,42,55,23,28),
(25,3,27,61,43,56,23,29),
(25,3,28,63,44,58,23,29),
(25,3,29,64,45,59,23,30),
(25,3,30,66,46,61,24,30),
(25,3,31,68,47,62,24,30),
(25,3,32,69,48,64,24,31),
(25,3,33,71,50,66,24,31),
(25,3,34,73,51,67,24,32),
(25,3,35,74,52,69,24,32),
(25,3,36,76,53,70,25,33),
(25,3,37,78,54,72,25,33),
(25,3,38,80,55,74,25,34),
(25,3,39,82,56,75,25,34),
(25,3,40,83,57,77,25,35),
(25,3,41,85,58,79,26,35),
(25,3,42,87,60,80,26,35),
(25,3,43,89,61,82,26,36),
(25,3,44,91,62,84,26,36),
(25,3,45,93,63,85,26,37),
(25,3,46,95,64,87,27,37),
(25,3,47,97,66,89,27,38),
(25,3,48,99,67,91,27,38),
(25,3,49,101,68,93,27,39),
(25,3,50,103,69,94,28,40),
(25,3,51,105,71,96,28,40),
(25,3,52,107,72,98,28,41),
(25,3,53,109,73,100,28,41),
(25,3,54,111,74,102,29,42),
(25,3,55,113,76,103,29,42),
(25,3,56,115,77,105,29,43),
(25,3,57,117,78,107,29,43),
(25,3,58,119,79,109,30,44),
(25,3,59,121,81,111,30,44),
(25,3,60,123,82,113,30,45),
(25,3,61,125,83,115,30,46),
(25,3,62,127,85,117,31,46),
(25,3,63,129,86,119,31,47),
(25,3,64,132,88,121,31,47),
(25,3,65,134,89,123,32,48),
(25,3,66,136,90,125,32,49),
(25,3,67,138,92,127,32,49),
(25,3,68,140,93,129,32,50),
(25,3,69,143,95,131,33,50),
(25,3,70,145,96,133,33,51),
(25,3,71,148,97,140,33,53),
(25,3,72,156,99,143,33,54),
(25,3,73,162,101,148,33,55),
(25,3,74,162,102,148,34,55),
(25,3,75,165,104,150,34,56),
(25,3,76,171,106,156,34,57),
(25,3,77,171,108,157,35,58),
(25,3,78,174,109,159,35,58),
(25,3,79,181,111,165,35,59),
(25,3,80,184,113,168,36,60),
(25,4,1,23,20,22,20,20),
(25,4,2,24,21,23,20,20),
(25,4,3,26,22,24,20,21),
(25,4,4,27,22,26,20,21),
(25,4,5,28,23,27,20,21),
(25,4,6,30,24,28,20,21),
(25,4,7,31,25,29,21,22),
(25,4,8,32,26,30,21,22),
(25,4,9,34,26,32,21,22),
(25,4,10,35,27,33,21,23),
(25,4,11,36,28,34,21,23),
(25,4,12,38,29,35,21,23),
(25,4,13,39,30,37,21,24),
(25,4,14,41,31,38,21,24),
(25,4,15,42,32,39,21,24),
(25,4,16,44,33,41,21,25),
(25,4,17,45,34,42,22,25),
(25,4,18,47,34,43,22,25),
(25,4,19,48,35,45,22,26),
(25,4,20,50,36,46,22,26),
(25,4,21,51,37,48,22,26),
(25,4,22,53,38,49,22,27),
(25,4,23,54,39,51,22,27),
(25,4,24,56,40,52,23,28),
(25,4,25,58,41,53,23,28),
(25,4,26,59,42,55,23,28),
(25,4,27,61,43,56,23,29),
(25,4,28,63,44,58,23,29),
(25,4,29,64,45,59,23,30),
(25,4,30,66,46,61,24,30),
(25,4,31,68,47,62,24,30),
(25,4,32,69,48,64,24,31),
(25,4,33,71,50,66,24,31),
(25,4,34,73,51,67,24,32),
(25,4,35,74,52,69,24,32),
(25,4,36,76,53,70,25,33),
(25,4,37,78,54,72,25,33),
(25,4,38,80,55,74,25,34),
(25,4,39,82,56,75,25,34),
(25,4,40,83,57,77,25,35),
(25,4,41,85,58,79,26,35),
(25,4,42,87,60,80,26,35),
(25,4,43,89,61,82,26,36),
(25,4,44,91,62,84,26,36),
(25,4,45,93,63,85,26,37),
(25,4,46,95,64,87,27,37),
(25,4,47,97,66,89,27,38),
(25,4,48,99,67,91,27,38),
(25,4,49,101,68,93,27,39),
(25,4,50,103,69,94,28,40),
(25,4,51,105,71,96,28,40),
(25,4,52,107,72,98,28,41),
(25,4,53,109,73,100,28,41),
(25,4,54,111,74,102,29,42),
(25,4,55,113,76,103,29,42),
(25,4,56,115,77,105,29,43),
(25,4,57,117,78,107,29,43),
(25,4,58,119,79,109,30,44),
(25,4,59,121,81,111,30,44),
(25,4,60,123,82,113,30,45),
(25,4,61,125,83,115,30,46),
(25,4,62,127,85,117,31,46),
(25,4,63,129,86,119,31,47),
(25,4,64,132,88,121,31,47),
(25,4,65,134,89,123,32,48),
(25,4,66,136,90,125,32,49),
(25,4,67,138,92,127,32,49),
(25,4,68,140,93,129,32,50),
(25,4,69,143,95,131,33,50),
(25,4,70,145,96,133,33,51),
(25,4,71,148,97,140,33,53),
(25,4,72,156,99,143,33,54),
(25,4,73,162,101,148,33,55),
(25,4,74,162,102,148,34,55),
(25,4,75,165,104,150,34,56),
(25,4,76,171,106,156,34,57),
(25,4,77,171,108,157,35,58),
(25,4,78,174,109,159,35,58),
(25,4,79,181,111,165,35,59),
(25,4,80,184,113,168,36,60),
(25,5,1,23,20,22,20,20),
(25,5,2,24,21,23,20,20),
(25,5,3,26,22,24,20,21),
(25,5,4,27,22,26,20,21),
(25,5,5,28,23,27,20,21),
(25,5,6,30,24,28,20,21),
(25,5,7,31,25,29,21,22),
(25,5,8,32,26,30,21,22),
(25,5,9,34,26,32,21,22),
(25,5,10,35,27,33,21,23),
(25,5,11,36,28,34,21,23),
(25,5,12,38,29,35,21,23),
(25,5,13,39,30,37,21,24),
(25,5,14,41,31,38,21,24),
(25,5,15,42,32,39,21,24),
(25,5,16,44,33,41,21,25),
(25,5,17,45,34,42,22,25),
(25,5,18,47,34,43,22,25),
(25,5,19,48,35,45,22,26),
(25,5,20,50,36,46,22,26),
(25,5,21,51,37,48,22,26),
(25,5,22,53,38,49,22,27),
(25,5,23,54,39,51,22,27),
(25,5,24,56,40,52,23,28),
(25,5,25,58,41,53,23,28),
(25,5,26,59,42,55,23,28),
(25,5,27,61,43,56,23,29),
(25,5,28,63,44,58,23,29),
(25,5,29,64,45,59,23,30),
(25,5,30,66,46,61,24,30),
(25,5,31,68,47,62,24,30),
(25,5,32,69,48,64,24,31),
(25,5,33,71,50,66,24,31),
(25,5,34,73,51,67,24,32),
(25,5,35,74,52,69,24,32),
(25,5,36,76,53,70,25,33),
(25,5,37,78,54,72,25,33),
(25,5,38,80,55,74,25,34),
(25,5,39,82,56,75,25,34),
(25,5,40,83,57,77,25,35),
(25,5,41,85,58,79,26,35),
(25,5,42,87,60,80,26,35),
(25,5,43,89,61,82,26,36),
(25,5,44,91,62,84,26,36),
(25,5,45,93,63,85,26,37),
(25,5,46,95,64,87,27,37),
(25,5,47,97,66,89,27,38),
(25,5,48,99,67,91,27,38),
(25,5,49,101,68,93,27,39),
(25,5,50,103,69,94,28,40),
(25,5,51,105,71,96,28,40),
(25,5,52,107,72,98,28,41),
(25,5,53,109,73,100,28,41),
(25,5,54,111,74,102,29,42),
(25,5,55,113,76,103,29,42),
(25,5,56,115,77,105,29,43),
(25,5,57,117,78,107,29,43),
(25,5,58,119,79,109,30,44),
(25,5,59,121,81,111,30,44),
(25,5,60,123,82,113,30,45),
(25,5,61,125,83,115,30,46),
(25,5,62,127,85,117,31,46),
(25,5,63,129,86,119,31,47),
(25,5,64,132,88,121,31,47),
(25,5,65,134,89,123,32,48),
(25,5,66,136,90,125,32,49),
(25,5,67,138,92,127,32,49),
(25,5,68,140,93,129,32,50),
(25,5,69,143,95,131,33,50),
(25,5,70,145,96,133,33,51),
(25,5,71,148,97,140,33,53),
(25,5,72,156,99,143,33,54),
(25,5,73,162,101,148,33,55),
(25,5,74,162,102,148,34,55),
(25,5,75,165,104,150,34,56),
(25,5,76,171,106,156,34,57),
(25,5,77,171,108,157,35,58),
(25,5,78,174,109,159,35,58),
(25,5,79,181,111,165,35,59),
(25,5,80,184,113,168,36,60),
(25,7,1,23,20,22,20,20),
(25,7,2,24,21,23,20,20),
(25,7,3,26,22,24,20,21),
(25,7,4,27,22,26,20,21),
(25,7,5,28,23,27,20,21),
(25,7,6,30,24,28,20,21),
(25,7,7,31,25,29,21,22),
(25,7,8,32,26,30,21,22),
(25,7,9,34,26,32,21,22),
(25,7,10,35,27,33,21,23),
(25,7,11,36,28,34,21,23),
(25,7,12,38,29,35,21,23),
(25,7,13,39,30,37,21,24),
(25,7,14,41,31,38,21,24),
(25,7,15,42,32,39,21,24),
(25,7,16,44,33,41,21,25),
(25,7,17,45,34,42,22,25),
(25,7,18,47,34,43,22,25),
(25,7,19,48,35,45,22,26),
(25,7,20,50,36,46,22,26),
(25,7,21,51,37,48,22,26),
(25,7,22,53,38,49,22,27),
(25,7,23,54,39,51,22,27),
(25,7,24,56,40,52,23,28),
(25,7,25,58,41,53,23,28),
(25,7,26,59,42,55,23,28),
(25,7,27,61,43,56,23,29),
(25,7,28,63,44,58,23,29),
(25,7,29,64,45,59,23,30),
(25,7,30,66,46,61,24,30),
(25,7,31,68,47,62,24,30),
(25,7,32,69,48,64,24,31),
(25,7,33,71,50,66,24,31),
(25,7,34,73,51,67,24,32),
(25,7,35,74,52,69,24,32),
(25,7,36,76,53,70,25,33),
(25,7,37,78,54,72,25,33),
(25,7,38,80,55,74,25,34),
(25,7,39,82,56,75,25,34),
(25,7,40,83,57,77,25,35),
(25,7,41,85,58,79,26,35),
(25,7,42,87,60,80,26,35),
(25,7,43,89,61,82,26,36),
(25,7,44,91,62,84,26,36),
(25,7,45,93,63,85,26,37),
(25,7,46,95,64,87,27,37),
(25,7,47,97,66,89,27,38),
(25,7,48,99,67,91,27,38),
(25,7,49,101,68,93,27,39),
(25,7,50,103,69,94,28,40),
(25,7,51,105,71,96,28,40),
(25,7,52,107,72,98,28,41),
(25,7,53,109,73,100,28,41),
(25,7,54,111,74,102,29,42),
(25,7,55,113,76,103,29,42),
(25,7,56,115,77,105,29,43),
(25,7,57,117,78,107,29,43),
(25,7,58,119,79,109,30,44),
(25,7,59,121,81,111,30,44),
(25,7,60,123,82,113,30,45),
(25,7,61,125,83,115,30,46),
(25,7,62,127,85,117,31,46),
(25,7,63,129,86,119,31,47),
(25,7,64,132,88,121,31,47),
(25,7,65,134,89,123,32,48),
(25,7,66,136,90,125,32,49),
(25,7,67,138,92,127,32,49),
(25,7,68,140,93,129,32,50),
(25,7,69,143,95,131,33,50),
(25,7,70,145,96,133,33,51),
(25,7,71,148,97,140,33,53),
(25,7,72,156,99,143,33,54),
(25,7,73,162,101,148,33,55),
(25,7,74,162,102,148,34,55),
(25,7,75,165,104,150,34,56),
(25,7,76,171,106,156,34,57),
(25,7,77,171,108,157,35,58),
(25,7,78,174,109,159,35,58),
(25,7,79,181,111,165,35,59),
(25,7,80,184,113,168,36,60);
INSERT INTO `player_levelstats` (`race`,`class`,`level`,`str`,`agi`,`sta`,`inte`,`spi`) VALUES
(25,8,1,23,20,22,20,20),
(25,8,2,24,21,23,20,20),
(25,8,3,26,22,24,20,21),
(25,8,4,27,22,26,20,21),
(25,8,5,28,23,27,20,21),
(25,8,6,30,24,28,20,21),
(25,8,7,31,25,29,21,22),
(25,8,8,32,26,30,21,22),
(25,8,9,34,26,32,21,22),
(25,8,10,35,27,33,21,23),
(25,8,11,36,28,34,21,23),
(25,8,12,38,29,35,21,23),
(25,8,13,39,30,37,21,24),
(25,8,14,41,31,38,21,24),
(25,8,15,42,32,39,21,24),
(25,8,16,44,33,41,21,25),
(25,8,17,45,34,42,22,25),
(25,8,18,47,34,43,22,25),
(25,8,19,48,35,45,22,26),
(25,8,20,50,36,46,22,26),
(25,8,21,51,37,48,22,26),
(25,8,22,53,38,49,22,27),
(25,8,23,54,39,51,22,27),
(25,8,24,56,40,52,23,28),
(25,8,25,58,41,53,23,28),
(25,8,26,59,42,55,23,28),
(25,8,27,61,43,56,23,29),
(25,8,28,63,44,58,23,29),
(25,8,29,64,45,59,23,30),
(25,8,30,66,46,61,24,30),
(25,8,31,68,47,62,24,30),
(25,8,32,69,48,64,24,31),
(25,8,33,71,50,66,24,31),
(25,8,34,73,51,67,24,32),
(25,8,35,74,52,69,24,32),
(25,8,36,76,53,70,25,33),
(25,8,37,78,54,72,25,33),
(25,8,38,80,55,74,25,34),
(25,8,39,82,56,75,25,34),
(25,8,40,83,57,77,25,35),
(25,8,41,85,58,79,26,35),
(25,8,42,87,60,80,26,35),
(25,8,43,89,61,82,26,36),
(25,8,44,91,62,84,26,36),
(25,8,45,93,63,85,26,37),
(25,8,46,95,64,87,27,37),
(25,8,47,97,66,89,27,38),
(25,8,48,99,67,91,27,38),
(25,8,49,101,68,93,27,39),
(25,8,50,103,69,94,28,40),
(25,8,51,105,71,96,28,40),
(25,8,52,107,72,98,28,41),
(25,8,53,109,73,100,28,41),
(25,8,54,111,74,102,29,42),
(25,8,55,113,76,103,29,42),
(25,8,56,115,77,105,29,43),
(25,8,57,117,78,107,29,43),
(25,8,58,119,79,109,30,44),
(25,8,59,121,81,111,30,44),
(25,8,60,123,82,113,30,45),
(25,8,61,125,83,115,30,46),
(25,8,62,127,85,117,31,46),
(25,8,63,129,86,119,31,47),
(25,8,64,132,88,121,31,47),
(25,8,65,134,89,123,32,48),
(25,8,66,136,90,125,32,49),
(25,8,67,138,92,127,32,49),
(25,8,68,140,93,129,32,50),
(25,8,69,143,95,131,33,50),
(25,8,70,145,96,133,33,51),
(25,8,71,148,97,140,33,53),
(25,8,72,156,99,143,33,54),
(25,8,73,162,101,148,33,55),
(25,8,74,162,102,148,34,55),
(25,8,75,165,104,150,34,56),
(25,8,76,171,106,156,34,57),
(25,8,77,171,108,157,35,58),
(25,8,78,174,109,159,35,58),
(25,8,79,181,111,165,35,59),
(25,8,80,184,113,168,36,60),
(25,10,1,23,20,22,20,20),
(25,10,2,24,21,23,20,20),
(25,10,3,26,22,24,20,21),
(25,10,4,27,22,26,20,21),
(25,10,5,28,23,27,20,21),
(25,10,6,30,24,28,20,21),
(25,10,7,31,25,29,21,22),
(25,10,8,32,26,30,21,22),
(25,10,9,34,26,32,21,22),
(25,10,10,35,27,33,21,23),
(25,10,11,36,28,34,21,23),
(25,10,12,38,29,35,21,23),
(25,10,13,39,30,37,21,24),
(25,10,14,41,31,38,21,24),
(25,10,15,42,32,39,21,24),
(25,10,16,44,33,41,21,25),
(25,10,17,45,34,42,22,25),
(25,10,18,47,34,43,22,25),
(25,10,19,48,35,45,22,26),
(25,10,20,50,36,46,22,26),
(25,10,21,51,37,48,22,26),
(25,10,22,53,38,49,22,27),
(25,10,23,54,39,51,22,27),
(25,10,24,56,40,52,23,28),
(25,10,25,58,41,53,23,28),
(25,10,26,59,42,55,23,28),
(25,10,27,61,43,56,23,29),
(25,10,28,63,44,58,23,29),
(25,10,29,64,45,59,23,30),
(25,10,30,66,46,61,24,30),
(25,10,31,68,47,62,24,30),
(25,10,32,69,48,64,24,31),
(25,10,33,71,50,66,24,31),
(25,10,34,73,51,67,24,32),
(25,10,35,74,52,69,24,32),
(25,10,36,76,53,70,25,33),
(25,10,37,78,54,72,25,33),
(25,10,38,80,55,74,25,34),
(25,10,39,82,56,75,25,34),
(25,10,40,83,57,77,25,35),
(25,10,41,85,58,79,26,35),
(25,10,42,87,60,80,26,35),
(25,10,43,89,61,82,26,36),
(25,10,44,91,62,84,26,36),
(25,10,45,93,63,85,26,37),
(25,10,46,95,64,87,27,37),
(25,10,47,97,66,89,27,38),
(25,10,48,99,67,91,27,38),
(25,10,49,101,68,93,27,39),
(25,10,50,103,69,94,28,40),
(25,10,51,105,71,96,28,40),
(25,10,52,107,72,98,28,41),
(25,10,53,109,73,100,28,41),
(25,10,54,111,74,102,29,42),
(25,10,55,113,76,103,29,42),
(25,10,56,115,77,105,29,43),
(25,10,57,117,78,107,29,43),
(25,10,58,119,79,109,30,44),
(25,10,59,121,81,111,30,44),
(25,10,60,123,82,113,30,45),
(25,10,61,125,83,115,30,46),
(25,10,62,127,85,117,31,46),
(25,10,63,129,86,119,31,47),
(25,10,64,132,88,121,31,47),
(25,10,65,134,89,123,32,48),
(25,10,66,136,90,125,32,49),
(25,10,67,138,92,127,32,49),
(25,10,68,140,93,129,32,50),
(25,10,69,143,95,131,33,50),
(25,10,70,145,96,133,33,51),
(25,10,71,148,97,140,33,53),
(25,10,72,156,99,143,33,54),
(25,10,73,162,101,148,33,55),
(25,10,74,162,102,148,34,55),
(25,10,75,165,104,150,34,56),
(25,10,76,171,106,156,34,57),
(25,10,77,171,108,157,35,58),
(25,10,78,174,109,159,35,58),
(25,10,79,181,111,165,35,59),
(25,10,80,184,113,168,36,60),
(26,1,1,23,20,22,20,20),
(26,1,2,24,21,23,20,20),
(26,1,3,26,22,24,20,21),
(26,1,4,27,22,26,20,21),
(26,1,5,28,23,27,20,21),
(26,1,6,30,24,28,20,21),
(26,1,7,31,25,29,21,22),
(26,1,8,32,26,30,21,22),
(26,1,9,34,26,32,21,22),
(26,1,10,35,27,33,21,23),
(26,1,11,36,28,34,21,23),
(26,1,12,38,29,35,21,23),
(26,1,13,39,30,37,21,24),
(26,1,14,41,31,38,21,24),
(26,1,15,42,32,39,21,24),
(26,1,16,44,33,41,21,25),
(26,1,17,45,34,42,22,25),
(26,1,18,47,34,43,22,25),
(26,1,19,48,35,45,22,26),
(26,1,20,50,36,46,22,26),
(26,1,21,51,37,48,22,26),
(26,1,22,53,38,49,22,27),
(26,1,23,54,39,51,22,27),
(26,1,24,56,40,52,23,28),
(26,1,25,58,41,53,23,28),
(26,1,26,59,42,55,23,28),
(26,1,27,61,43,56,23,29),
(26,1,28,63,44,58,23,29),
(26,1,29,64,45,59,23,30),
(26,1,30,66,46,61,24,30),
(26,1,31,68,47,62,24,30),
(26,1,32,69,48,64,24,31),
(26,1,33,71,50,66,24,31),
(26,1,34,73,51,67,24,32),
(26,1,35,74,52,69,24,32),
(26,1,36,76,53,70,25,33),
(26,1,37,78,54,72,25,33),
(26,1,38,80,55,74,25,34),
(26,1,39,82,56,75,25,34),
(26,1,40,83,57,77,25,35),
(26,1,41,85,58,79,26,35),
(26,1,42,87,60,80,26,35),
(26,1,43,89,61,82,26,36),
(26,1,44,91,62,84,26,36),
(26,1,45,93,63,85,26,37),
(26,1,46,95,64,87,27,37),
(26,1,47,97,66,89,27,38),
(26,1,48,99,67,91,27,38),
(26,1,49,101,68,93,27,39),
(26,1,50,103,69,94,28,40),
(26,1,51,105,71,96,28,40),
(26,1,52,107,72,98,28,41),
(26,1,53,109,73,100,28,41),
(26,1,54,111,74,102,29,42),
(26,1,55,113,76,103,29,42),
(26,1,56,115,77,105,29,43),
(26,1,57,117,78,107,29,43),
(26,1,58,119,79,109,30,44),
(26,1,59,121,81,111,30,44),
(26,1,60,123,82,113,30,45),
(26,1,61,125,83,115,30,46),
(26,1,62,127,85,117,31,46),
(26,1,63,129,86,119,31,47),
(26,1,64,132,88,121,31,47),
(26,1,65,134,89,123,32,48),
(26,1,66,136,90,125,32,49),
(26,1,67,138,92,127,32,49),
(26,1,68,140,93,129,32,50),
(26,1,69,143,95,131,33,50),
(26,1,70,145,96,133,33,51),
(26,1,71,148,97,140,33,53),
(26,1,72,156,99,143,33,54),
(26,1,73,162,101,148,33,55),
(26,1,74,162,102,148,34,55),
(26,1,75,165,104,150,34,56),
(26,1,76,171,106,156,34,57),
(26,1,77,171,108,157,35,58),
(26,1,78,174,109,159,35,58),
(26,1,79,181,111,165,35,59),
(26,1,80,184,113,168,36,60),
(26,3,1,23,20,22,20,20),
(26,3,2,24,21,23,20,20),
(26,3,3,26,22,24,20,21),
(26,3,4,27,22,26,20,21),
(26,3,5,28,23,27,20,21),
(26,3,6,30,24,28,20,21),
(26,3,7,31,25,29,21,22),
(26,3,8,32,26,30,21,22),
(26,3,9,34,26,32,21,22),
(26,3,10,35,27,33,21,23),
(26,3,11,36,28,34,21,23),
(26,3,12,38,29,35,21,23),
(26,3,13,39,30,37,21,24),
(26,3,14,41,31,38,21,24),
(26,3,15,42,32,39,21,24),
(26,3,16,44,33,41,21,25),
(26,3,17,45,34,42,22,25),
(26,3,18,47,34,43,22,25),
(26,3,19,48,35,45,22,26),
(26,3,20,50,36,46,22,26),
(26,3,21,51,37,48,22,26),
(26,3,22,53,38,49,22,27),
(26,3,23,54,39,51,22,27),
(26,3,24,56,40,52,23,28),
(26,3,25,58,41,53,23,28),
(26,3,26,59,42,55,23,28),
(26,3,27,61,43,56,23,29),
(26,3,28,63,44,58,23,29),
(26,3,29,64,45,59,23,30),
(26,3,30,66,46,61,24,30),
(26,3,31,68,47,62,24,30),
(26,3,32,69,48,64,24,31),
(26,3,33,71,50,66,24,31),
(26,3,34,73,51,67,24,32),
(26,3,35,74,52,69,24,32),
(26,3,36,76,53,70,25,33),
(26,3,37,78,54,72,25,33),
(26,3,38,80,55,74,25,34),
(26,3,39,82,56,75,25,34),
(26,3,40,83,57,77,25,35),
(26,3,41,85,58,79,26,35),
(26,3,42,87,60,80,26,35),
(26,3,43,89,61,82,26,36),
(26,3,44,91,62,84,26,36),
(26,3,45,93,63,85,26,37),
(26,3,46,95,64,87,27,37),
(26,3,47,97,66,89,27,38),
(26,3,48,99,67,91,27,38),
(26,3,49,101,68,93,27,39),
(26,3,50,103,69,94,28,40),
(26,3,51,105,71,96,28,40),
(26,3,52,107,72,98,28,41),
(26,3,53,109,73,100,28,41),
(26,3,54,111,74,102,29,42),
(26,3,55,113,76,103,29,42),
(26,3,56,115,77,105,29,43),
(26,3,57,117,78,107,29,43),
(26,3,58,119,79,109,30,44),
(26,3,59,121,81,111,30,44),
(26,3,60,123,82,113,30,45);
INSERT INTO `player_levelstats` (`race`,`class`,`level`,`str`,`agi`,`sta`,`inte`,`spi`) VALUES
(26,3,61,125,83,115,30,46),
(26,3,62,127,85,117,31,46),
(26,3,63,129,86,119,31,47),
(26,3,64,132,88,121,31,47),
(26,3,65,134,89,123,32,48),
(26,3,66,136,90,125,32,49),
(26,3,67,138,92,127,32,49),
(26,3,68,140,93,129,32,50),
(26,3,69,143,95,131,33,50),
(26,3,70,145,96,133,33,51),
(26,3,71,148,97,140,33,53),
(26,3,72,156,99,143,33,54),
(26,3,73,162,101,148,33,55),
(26,3,74,162,102,148,34,55),
(26,3,75,165,104,150,34,56),
(26,3,76,171,106,156,34,57),
(26,3,77,171,108,157,35,58),
(26,3,78,174,109,159,35,58),
(26,3,79,181,111,165,35,59),
(26,3,80,184,113,168,36,60),
(26,4,1,23,20,22,20,20),
(26,4,2,24,21,23,20,20),
(26,4,3,26,22,24,20,21),
(26,4,4,27,22,26,20,21),
(26,4,5,28,23,27,20,21),
(26,4,6,30,24,28,20,21),
(26,4,7,31,25,29,21,22),
(26,4,8,32,26,30,21,22),
(26,4,9,34,26,32,21,22),
(26,4,10,35,27,33,21,23),
(26,4,11,36,28,34,21,23),
(26,4,12,38,29,35,21,23),
(26,4,13,39,30,37,21,24),
(26,4,14,41,31,38,21,24),
(26,4,15,42,32,39,21,24),
(26,4,16,44,33,41,21,25),
(26,4,17,45,34,42,22,25),
(26,4,18,47,34,43,22,25),
(26,4,19,48,35,45,22,26),
(26,4,20,50,36,46,22,26),
(26,4,21,51,37,48,22,26),
(26,4,22,53,38,49,22,27),
(26,4,23,54,39,51,22,27),
(26,4,24,56,40,52,23,28),
(26,4,25,58,41,53,23,28),
(26,4,26,59,42,55,23,28),
(26,4,27,61,43,56,23,29),
(26,4,28,63,44,58,23,29),
(26,4,29,64,45,59,23,30),
(26,4,30,66,46,61,24,30),
(26,4,31,68,47,62,24,30),
(26,4,32,69,48,64,24,31),
(26,4,33,71,50,66,24,31),
(26,4,34,73,51,67,24,32),
(26,4,35,74,52,69,24,32),
(26,4,36,76,53,70,25,33),
(26,4,37,78,54,72,25,33),
(26,4,38,80,55,74,25,34),
(26,4,39,82,56,75,25,34),
(26,4,40,83,57,77,25,35),
(26,4,41,85,58,79,26,35),
(26,4,42,87,60,80,26,35),
(26,4,43,89,61,82,26,36),
(26,4,44,91,62,84,26,36),
(26,4,45,93,63,85,26,37),
(26,4,46,95,64,87,27,37),
(26,4,47,97,66,89,27,38),
(26,4,48,99,67,91,27,38),
(26,4,49,101,68,93,27,39),
(26,4,50,103,69,94,28,40),
(26,4,51,105,71,96,28,40),
(26,4,52,107,72,98,28,41),
(26,4,53,109,73,100,28,41),
(26,4,54,111,74,102,29,42),
(26,4,55,113,76,103,29,42),
(26,4,56,115,77,105,29,43),
(26,4,57,117,78,107,29,43),
(26,4,58,119,79,109,30,44),
(26,4,59,121,81,111,30,44),
(26,4,60,123,82,113,30,45),
(26,4,61,125,83,115,30,46),
(26,4,62,127,85,117,31,46),
(26,4,63,129,86,119,31,47),
(26,4,64,132,88,121,31,47),
(26,4,65,134,89,123,32,48),
(26,4,66,136,90,125,32,49),
(26,4,67,138,92,127,32,49),
(26,4,68,140,93,129,32,50),
(26,4,69,143,95,131,33,50),
(26,4,70,145,96,133,33,51),
(26,4,71,148,97,140,33,53),
(26,4,72,156,99,143,33,54),
(26,4,73,162,101,148,33,55),
(26,4,74,162,102,148,34,55),
(26,4,75,165,104,150,34,56),
(26,4,76,171,106,156,34,57),
(26,4,77,171,108,157,35,58),
(26,4,78,174,109,159,35,58),
(26,4,79,181,111,165,35,59),
(26,4,80,184,113,168,36,60),
(26,5,1,23,20,22,20,20),
(26,5,2,24,21,23,20,20),
(26,5,3,26,22,24,20,21),
(26,5,4,27,22,26,20,21),
(26,5,5,28,23,27,20,21),
(26,5,6,30,24,28,20,21),
(26,5,7,31,25,29,21,22),
(26,5,8,32,26,30,21,22),
(26,5,9,34,26,32,21,22),
(26,5,10,35,27,33,21,23),
(26,5,11,36,28,34,21,23),
(26,5,12,38,29,35,21,23),
(26,5,13,39,30,37,21,24),
(26,5,14,41,31,38,21,24),
(26,5,15,42,32,39,21,24),
(26,5,16,44,33,41,21,25),
(26,5,17,45,34,42,22,25),
(26,5,18,47,34,43,22,25),
(26,5,19,48,35,45,22,26),
(26,5,20,50,36,46,22,26),
(26,5,21,51,37,48,22,26),
(26,5,22,53,38,49,22,27),
(26,5,23,54,39,51,22,27),
(26,5,24,56,40,52,23,28),
(26,5,25,58,41,53,23,28),
(26,5,26,59,42,55,23,28),
(26,5,27,61,43,56,23,29),
(26,5,28,63,44,58,23,29),
(26,5,29,64,45,59,23,30),
(26,5,30,66,46,61,24,30),
(26,5,31,68,47,62,24,30),
(26,5,32,69,48,64,24,31),
(26,5,33,71,50,66,24,31),
(26,5,34,73,51,67,24,32),
(26,5,35,74,52,69,24,32),
(26,5,36,76,53,70,25,33),
(26,5,37,78,54,72,25,33),
(26,5,38,80,55,74,25,34),
(26,5,39,82,56,75,25,34),
(26,5,40,83,57,77,25,35),
(26,5,41,85,58,79,26,35),
(26,5,42,87,60,80,26,35),
(26,5,43,89,61,82,26,36),
(26,5,44,91,62,84,26,36),
(26,5,45,93,63,85,26,37),
(26,5,46,95,64,87,27,37),
(26,5,47,97,66,89,27,38),
(26,5,48,99,67,91,27,38),
(26,5,49,101,68,93,27,39),
(26,5,50,103,69,94,28,40),
(26,5,51,105,71,96,28,40),
(26,5,52,107,72,98,28,41),
(26,5,53,109,73,100,28,41),
(26,5,54,111,74,102,29,42),
(26,5,55,113,76,103,29,42),
(26,5,56,115,77,105,29,43),
(26,5,57,117,78,107,29,43),
(26,5,58,119,79,109,30,44),
(26,5,59,121,81,111,30,44),
(26,5,60,123,82,113,30,45),
(26,5,61,125,83,115,30,46),
(26,5,62,127,85,117,31,46),
(26,5,63,129,86,119,31,47),
(26,5,64,132,88,121,31,47),
(26,5,65,134,89,123,32,48),
(26,5,66,136,90,125,32,49),
(26,5,67,138,92,127,32,49),
(26,5,68,140,93,129,32,50),
(26,5,69,143,95,131,33,50),
(26,5,70,145,96,133,33,51),
(26,5,71,148,97,140,33,53),
(26,5,72,156,99,143,33,54),
(26,5,73,162,101,148,33,55),
(26,5,74,162,102,148,34,55),
(26,5,75,165,104,150,34,56),
(26,5,76,171,106,156,34,57),
(26,5,77,171,108,157,35,58),
(26,5,78,174,109,159,35,58),
(26,5,79,181,111,165,35,59),
(26,5,80,184,113,168,36,60),
(26,7,1,23,20,22,20,20),
(26,7,2,24,21,23,20,20),
(26,7,3,26,22,24,20,21),
(26,7,4,27,22,26,20,21),
(26,7,5,28,23,27,20,21),
(26,7,6,30,24,28,20,21),
(26,7,7,31,25,29,21,22),
(26,7,8,32,26,30,21,22),
(26,7,9,34,26,32,21,22),
(26,7,10,35,27,33,21,23),
(26,7,11,36,28,34,21,23),
(26,7,12,38,29,35,21,23),
(26,7,13,39,30,37,21,24),
(26,7,14,41,31,38,21,24),
(26,7,15,42,32,39,21,24),
(26,7,16,44,33,41,21,25),
(26,7,17,45,34,42,22,25),
(26,7,18,47,34,43,22,25),
(26,7,19,48,35,45,22,26),
(26,7,20,50,36,46,22,26),
(26,7,21,51,37,48,22,26),
(26,7,22,53,38,49,22,27),
(26,7,23,54,39,51,22,27),
(26,7,24,56,40,52,23,28),
(26,7,25,58,41,53,23,28),
(26,7,26,59,42,55,23,28),
(26,7,27,61,43,56,23,29),
(26,7,28,63,44,58,23,29),
(26,7,29,64,45,59,23,30),
(26,7,30,66,46,61,24,30),
(26,7,31,68,47,62,24,30),
(26,7,32,69,48,64,24,31),
(26,7,33,71,50,66,24,31),
(26,7,34,73,51,67,24,32),
(26,7,35,74,52,69,24,32),
(26,7,36,76,53,70,25,33),
(26,7,37,78,54,72,25,33),
(26,7,38,80,55,74,25,34),
(26,7,39,82,56,75,25,34),
(26,7,40,83,57,77,25,35),
(26,7,41,85,58,79,26,35),
(26,7,42,87,60,80,26,35),
(26,7,43,89,61,82,26,36),
(26,7,44,91,62,84,26,36),
(26,7,45,93,63,85,26,37),
(26,7,46,95,64,87,27,37),
(26,7,47,97,66,89,27,38),
(26,7,48,99,67,91,27,38),
(26,7,49,101,68,93,27,39),
(26,7,50,103,69,94,28,40),
(26,7,51,105,71,96,28,40),
(26,7,52,107,72,98,28,41),
(26,7,53,109,73,100,28,41),
(26,7,54,111,74,102,29,42),
(26,7,55,113,76,103,29,42),
(26,7,56,115,77,105,29,43),
(26,7,57,117,78,107,29,43),
(26,7,58,119,79,109,30,44),
(26,7,59,121,81,111,30,44),
(26,7,60,123,82,113,30,45),
(26,7,61,125,83,115,30,46),
(26,7,62,127,85,117,31,46),
(26,7,63,129,86,119,31,47),
(26,7,64,132,88,121,31,47),
(26,7,65,134,89,123,32,48),
(26,7,66,136,90,125,32,49),
(26,7,67,138,92,127,32,49),
(26,7,68,140,93,129,32,50),
(26,7,69,143,95,131,33,50),
(26,7,70,145,96,133,33,51),
(26,7,71,148,97,140,33,53),
(26,7,72,156,99,143,33,54),
(26,7,73,162,101,148,33,55),
(26,7,74,162,102,148,34,55),
(26,7,75,165,104,150,34,56),
(26,7,76,171,106,156,34,57),
(26,7,77,171,108,157,35,58),
(26,7,78,174,109,159,35,58),
(26,7,79,181,111,165,35,59),
(26,7,80,184,113,168,36,60),
(26,8,1,23,20,22,20,20),
(26,8,2,24,21,23,20,20),
(26,8,3,26,22,24,20,21),
(26,8,4,27,22,26,20,21),
(26,8,5,28,23,27,20,21),
(26,8,6,30,24,28,20,21),
(26,8,7,31,25,29,21,22),
(26,8,8,32,26,30,21,22),
(26,8,9,34,26,32,21,22),
(26,8,10,35,27,33,21,23),
(26,8,11,36,28,34,21,23),
(26,8,12,38,29,35,21,23),
(26,8,13,39,30,37,21,24),
(26,8,14,41,31,38,21,24),
(26,8,15,42,32,39,21,24),
(26,8,16,44,33,41,21,25),
(26,8,17,45,34,42,22,25),
(26,8,18,47,34,43,22,25),
(26,8,19,48,35,45,22,26),
(26,8,20,50,36,46,22,26),
(26,8,21,51,37,48,22,26),
(26,8,22,53,38,49,22,27),
(26,8,23,54,39,51,22,27),
(26,8,24,56,40,52,23,28),
(26,8,25,58,41,53,23,28),
(26,8,26,59,42,55,23,28),
(26,8,27,61,43,56,23,29),
(26,8,28,63,44,58,23,29),
(26,8,29,64,45,59,23,30),
(26,8,30,66,46,61,24,30),
(26,8,31,68,47,62,24,30),
(26,8,32,69,48,64,24,31),
(26,8,33,71,50,66,24,31),
(26,8,34,73,51,67,24,32),
(26,8,35,74,52,69,24,32),
(26,8,36,76,53,70,25,33),
(26,8,37,78,54,72,25,33),
(26,8,38,80,55,74,25,34),
(26,8,39,82,56,75,25,34),
(26,8,40,83,57,77,25,35);
INSERT INTO `player_levelstats` (`race`,`class`,`level`,`str`,`agi`,`sta`,`inte`,`spi`) VALUES
(26,8,41,85,58,79,26,35),
(26,8,42,87,60,80,26,35),
(26,8,43,89,61,82,26,36),
(26,8,44,91,62,84,26,36),
(26,8,45,93,63,85,26,37),
(26,8,46,95,64,87,27,37),
(26,8,47,97,66,89,27,38),
(26,8,48,99,67,91,27,38),
(26,8,49,101,68,93,27,39),
(26,8,50,103,69,94,28,40),
(26,8,51,105,71,96,28,40),
(26,8,52,107,72,98,28,41),
(26,8,53,109,73,100,28,41),
(26,8,54,111,74,102,29,42),
(26,8,55,113,76,103,29,42),
(26,8,56,115,77,105,29,43),
(26,8,57,117,78,107,29,43),
(26,8,58,119,79,109,30,44),
(26,8,59,121,81,111,30,44),
(26,8,60,123,82,113,30,45),
(26,8,61,125,83,115,30,46),
(26,8,62,127,85,117,31,46),
(26,8,63,129,86,119,31,47),
(26,8,64,132,88,121,31,47),
(26,8,65,134,89,123,32,48),
(26,8,66,136,90,125,32,49),
(26,8,67,138,92,127,32,49),
(26,8,68,140,93,129,32,50),
(26,8,69,143,95,131,33,50),
(26,8,70,145,96,133,33,51),
(26,8,71,148,97,140,33,53),
(26,8,72,156,99,143,33,54),
(26,8,73,162,101,148,33,55),
(26,8,74,162,102,148,34,55),
(26,8,75,165,104,150,34,56),
(26,8,76,171,106,156,34,57),
(26,8,77,171,108,157,35,58),
(26,8,78,174,109,159,35,58),
(26,8,79,181,111,165,35,59),
(26,8,80,184,113,168,36,60),
(26,10,1,23,20,22,20,20),
(26,10,2,24,21,23,20,20),
(26,10,3,26,22,24,20,21),
(26,10,4,27,22,26,20,21),
(26,10,5,28,23,27,20,21),
(26,10,6,30,24,28,20,21),
(26,10,7,31,25,29,21,22),
(26,10,8,32,26,30,21,22),
(26,10,9,34,26,32,21,22),
(26,10,10,35,27,33,21,23),
(26,10,11,36,28,34,21,23),
(26,10,12,38,29,35,21,23),
(26,10,13,39,30,37,21,24),
(26,10,14,41,31,38,21,24),
(26,10,15,42,32,39,21,24),
(26,10,16,44,33,41,21,25),
(26,10,17,45,34,42,22,25),
(26,10,18,47,34,43,22,25),
(26,10,19,48,35,45,22,26),
(26,10,20,50,36,46,22,26),
(26,10,21,51,37,48,22,26),
(26,10,22,53,38,49,22,27),
(26,10,23,54,39,51,22,27),
(26,10,24,56,40,52,23,28),
(26,10,25,58,41,53,23,28),
(26,10,26,59,42,55,23,28),
(26,10,27,61,43,56,23,29),
(26,10,28,63,44,58,23,29),
(26,10,29,64,45,59,23,30),
(26,10,30,66,46,61,24,30),
(26,10,31,68,47,62,24,30),
(26,10,32,69,48,64,24,31),
(26,10,33,71,50,66,24,31),
(26,10,34,73,51,67,24,32),
(26,10,35,74,52,69,24,32),
(26,10,36,76,53,70,25,33),
(26,10,37,78,54,72,25,33),
(26,10,38,80,55,74,25,34),
(26,10,39,82,56,75,25,34),
(26,10,40,83,57,77,25,35),
(26,10,41,85,58,79,26,35),
(26,10,42,87,60,80,26,35),
(26,10,43,89,61,82,26,36),
(26,10,44,91,62,84,26,36),
(26,10,45,93,63,85,26,37),
(26,10,46,95,64,87,27,37),
(26,10,47,97,66,89,27,38),
(26,10,48,99,67,91,27,38),
(26,10,49,101,68,93,27,39),
(26,10,50,103,69,94,28,40),
(26,10,51,105,71,96,28,40),
(26,10,52,107,72,98,28,41),
(26,10,53,109,73,100,28,41),
(26,10,54,111,74,102,29,42),
(26,10,55,113,76,103,29,42),
(26,10,56,115,77,105,29,43),
(26,10,57,117,78,107,29,43),
(26,10,58,119,79,109,30,44),
(26,10,59,121,81,111,30,44),
(26,10,60,123,82,113,30,45),
(26,10,61,125,83,115,30,46),
(26,10,62,127,85,117,31,46),
(26,10,63,129,86,119,31,47),
(26,10,64,132,88,121,31,47),
(26,10,65,134,89,123,32,48),
(26,10,66,136,90,125,32,49),
(26,10,67,138,92,127,32,49),
(26,10,68,140,93,129,32,50),
(26,10,69,143,95,131,33,50),
(26,10,70,145,96,133,33,51),
(26,10,71,148,97,140,33,53),
(26,10,72,156,99,143,33,54),
(26,10,73,162,101,148,33,55),
(26,10,74,162,102,148,34,55),
(26,10,75,165,104,150,34,56),
(26,10,76,171,106,156,34,57),
(26,10,77,171,108,157,35,58),
(26,10,78,174,109,159,35,58),
(26,10,79,181,111,165,35,59),
(26,10,80,184,113,168,36,60),
(25,1,86,359,218,221,174,170),
(26,1,86,359,218,221,174,170),
(1,6,86,359,264,220,140,158),
(2,6,86,362,261,221,137,160),
(3,6,86,364,260,221,139,157),
(4,6,86,355,268,220,140,158),
(5,6,86,358,262,220,138,163),
(6,6,86,364,260,221,136,160),
(7,6,86,354,266,220,143,158),
(8,6,86,360,266,220,136,159),
(9,6,86,356,266,220,143,156),
(10,6,86,356,266,220,143,156),
(11,6,86,360,261,220,140,160),
(22,6,86,362,266,220,136,157),
(4,11,86,150,321,220,257,193),
(6,11,86,159,313,221,253,195),
(8,11,86,155,319,220,253,194),
(22,11,86,157,319,220,253,192),
(1,3,86,219,317,220,211,175),
(2,3,86,222,314,221,208,177),
(3,3,86,224,313,221,210,174),
(4,3,86,215,321,220,211,175),
(5,3,86,218,315,220,209,180),
(6,3,86,224,313,221,207,177),
(8,3,86,220,319,220,207,176),
(9,3,86,216,319,220,214,173),
(10,3,86,216,319,220,214,173),
(11,3,86,220,314,220,211,177),
(22,3,86,222,319,220,207,174),
(25,3,86,219,315,221,210,177),
(26,3,86,219,315,221,210,177),
(1,8,86,160,220,220,257,285),
(2,8,86,163,217,221,254,287),
(3,8,86,165,216,221,256,284),
(4,8,86,156,224,220,257,285),
(5,8,86,159,218,220,255,290),
(7,8,86,155,222,220,260,285),
(8,8,86,161,222,220,253,286),
(9,8,86,157,222,220,260,283),
(10,8,86,157,222,220,260,283),
(11,8,86,161,217,220,257,287),
(22,8,86,163,222,220,253,284),
(25,8,86,160,218,221,256,287),
(26,8,86,160,218,221,256,287),
(1,10,86,154,317,220,257,193),
(2,10,86,157,314,221,254,195),
(3,10,86,159,313,221,256,192),
(4,10,86,150,321,220,257,193),
(5,10,86,153,315,220,255,198),
(6,10,86,159,313,221,253,195),
(7,10,86,149,319,220,260,193),
(8,10,86,155,319,220,253,194),
(10,10,86,151,319,220,260,191),
(11,10,86,155,314,220,257,195),
(25,10,86,154,315,221,256,195),
(26,10,86,154,315,221,256,195),
(1,2,86,359,112,220,257,193),
(3,2,86,364,108,221,256,192),
(6,2,86,364,108,221,253,195),
(10,2,86,356,114,220,260,191),
(11,2,86,360,109,220,257,195),
(1,5,86,208,263,220,257,193),
(3,5,86,213,259,221,256,192),
(4,5,86,204,267,220,257,193),
(5,5,86,207,261,220,255,198),
(6,5,86,213,259,221,253,195),
(7,5,86,203,265,220,260,193),
(8,5,86,209,265,220,253,194),
(9,5,86,205,265,220,260,191),
(10,5,86,205,265,220,260,191),
(11,5,86,209,260,220,257,195),
(22,5,86,211,265,220,253,192),
(25,5,86,208,261,221,256,195),
(26,5,86,208,261,221,256,195),
(1,4,86,298,317,220,175,132),
(2,4,86,301,314,221,172,134),
(3,4,86,303,313,221,174,131),
(4,4,86,294,321,220,175,132),
(5,4,86,297,315,220,173,137),
(7,4,86,293,319,220,178,132),
(8,4,86,299,319,220,171,133),
(9,4,86,295,319,220,178,130),
(10,4,86,295,319,220,178,130),
(22,4,86,301,319,220,171,131),
(25,4,86,298,315,221,174,134),
(26,4,86,298,315,221,174,134),
(2,7,86,157,314,221,254,195),
(3,7,86,159,313,221,256,192),
(6,7,86,159,313,221,253,195),
(8,7,86,155,319,220,253,194),
(9,7,86,151,319,220,260,191),
(11,7,86,155,314,220,257,195),
(25,7,86,154,315,221,256,195),
(26,7,86,154,315,221,256,195),
(1,9,86,136,243,220,257,285),
(2,9,86,139,240,221,254,287),
(3,9,86,141,239,221,256,284),
(5,9,86,135,241,220,255,290),
(7,9,86,131,245,220,260,285),
(8,9,86,137,245,220,253,286),
(9,9,86,133,245,220,260,283),
(10,9,86,133,245,220,260,283),
(22,9,86,139,245,220,253,284),
(1,1,86,359,220,220,175,168),
(2,1,86,362,217,221,172,170),
(3,1,86,364,216,221,174,167),
(4,1,86,355,224,220,175,168),
(5,1,86,358,218,220,173,173),
(6,1,86,364,216,221,171,170),
(7,1,86,354,222,220,178,168),
(8,1,86,360,222,220,171,169),
(9,1,86,356,222,220,178,166),
(10,1,86,356,222,220,178,166),
(11,1,86,360,217,220,175,170),
(22,1,86,362,222,220,171,167),
(1,6,87,372,273,227,145,164),
(2,6,87,375,270,228,142,166),
(3,6,87,377,269,228,144,163),
(4,6,87,368,277,227,145,164),
(5,6,87,371,271,227,143,169),
(6,6,87,377,269,228,141,166),
(7,6,87,367,275,227,148,164),
(8,6,87,373,275,227,141,165),
(9,6,87,369,275,227,148,162),
(10,6,87,369,275,227,148,162),
(11,6,87,373,270,227,145,166),
(22,6,87,375,275,227,141,163),
(4,11,87,156,332,227,266,200),
(6,11,87,165,324,228,262,202),
(8,11,87,161,330,227,262,201),
(22,11,87,163,330,227,262,199),
(1,3,87,226,328,227,218,182),
(2,3,87,229,325,228,215,184),
(3,3,87,231,324,228,217,181),
(4,3,87,222,332,227,218,182),
(5,3,87,225,326,227,216,187),
(6,3,87,231,324,228,214,184),
(8,3,87,227,330,227,214,183),
(9,3,87,223,330,227,221,180),
(10,3,87,223,330,227,221,180),
(11,3,87,227,325,227,218,184),
(22,3,87,229,330,227,214,181),
(25,3,87,226,326,228,217,184),
(26,3,87,226,326,228,217,184),
(1,8,87,166,227,227,266,295),
(2,8,87,169,224,228,263,297),
(3,8,87,171,223,228,265,294),
(4,8,87,162,231,227,266,295),
(5,8,87,165,225,227,264,300),
(7,8,87,161,229,227,269,295),
(8,8,87,167,229,227,262,296),
(9,8,87,163,229,227,269,293),
(10,8,87,163,229,227,269,293),
(11,8,87,167,224,227,266,297),
(22,8,87,169,229,227,262,294),
(25,8,87,166,225,228,265,297),
(26,8,87,166,225,228,265,297),
(1,10,87,160,328,227,266,200),
(2,10,87,163,325,228,263,202),
(3,10,87,165,324,228,265,199),
(4,10,87,156,332,227,266,200),
(5,10,87,159,326,227,264,205),
(6,10,87,165,324,228,262,202),
(7,10,87,155,330,227,269,200),
(8,10,87,161,330,227,262,201),
(10,10,87,157,330,227,269,198),
(11,10,87,161,325,227,266,202),
(25,10,87,160,326,228,265,202),
(26,10,87,160,326,228,265,202),
(1,2,87,372,116,227,266,200),
(3,2,87,377,112,228,265,199),
(6,2,87,377,112,228,262,202),
(10,2,87,369,118,227,269,198),
(11,2,87,373,113,227,266,202),
(1,5,87,216,273,227,266,200),
(3,5,87,221,269,228,265,199),
(4,5,87,212,277,227,266,200),
(5,5,87,215,271,227,264,205),
(6,5,87,221,269,228,262,202),
(7,5,87,211,275,227,269,200);
INSERT INTO `player_levelstats` (`race`,`class`,`level`,`str`,`agi`,`sta`,`inte`,`spi`) VALUES
(8,5,87,217,275,227,262,201),
(9,5,87,213,275,227,269,198),
(10,5,87,213,275,227,269,198),
(11,5,87,217,270,227,266,202),
(22,5,87,219,275,227,262,199),
(25,5,87,216,271,228,265,202),
(26,5,87,216,271,228,265,202),
(1,4,87,308,328,227,182,136),
(2,4,87,311,325,228,179,138),
(3,4,87,313,324,228,181,135),
(4,4,87,304,332,227,182,136),
(5,4,87,307,326,227,180,141),
(7,4,87,303,330,227,185,136),
(8,4,87,309,330,227,178,137),
(9,4,87,305,330,227,185,134),
(10,4,87,305,330,227,185,134),
(22,4,87,311,330,227,178,135),
(25,4,87,308,326,228,181,138),
(26,4,87,308,326,228,181,138),
(2,7,87,163,325,228,263,202),
(3,7,87,165,324,228,265,199),
(6,7,87,165,324,228,262,202),
(8,7,87,161,330,227,262,201),
(9,7,87,157,330,227,269,198),
(11,7,87,161,325,227,266,202),
(25,7,87,160,326,228,265,202),
(26,7,87,160,326,228,265,202),
(1,9,87,141,252,227,266,295),
(2,9,87,144,249,228,263,297),
(3,9,87,146,248,228,265,294),
(5,9,87,140,250,227,264,300),
(7,9,87,136,254,227,269,295),
(8,9,87,142,254,227,262,296),
(9,9,87,138,254,227,269,293),
(10,9,87,138,254,227,269,293),
(22,9,87,144,254,227,262,294),
(1,1,87,372,227,227,182,174),
(2,1,87,375,224,228,179,176),
(3,1,87,377,223,228,181,173),
(4,1,87,368,231,227,182,174),
(5,1,87,371,225,227,180,179),
(6,1,87,377,223,228,178,176),
(7,1,87,367,229,227,185,174),
(8,1,87,373,229,227,178,175),
(9,1,87,369,229,227,185,172),
(10,1,87,369,229,227,185,172),
(11,1,87,373,224,227,182,176),
(22,1,87,375,229,227,178,173),
(25,1,87,372,225,228,181,176),
(26,1,87,372,225,228,181,176),
(25,1,88,384,233,236,187,181),
(26,1,88,384,233,236,187,181),
(1,6,88,384,283,235,150,169),
(2,6,88,387,280,236,147,171),
(3,6,88,389,279,236,149,168),
(4,6,88,380,287,235,150,169),
(5,6,88,383,281,235,148,174),
(6,6,88,389,279,236,146,171),
(7,6,88,379,285,235,153,169),
(8,6,88,385,285,235,146,170),
(9,6,88,381,285,235,153,167),
(10,6,88,381,285,235,153,167),
(11,6,88,385,280,235,150,171),
(22,6,88,387,285,235,146,168),
(4,11,88,161,343,235,275,206),
(6,11,88,170,335,236,271,208),
(8,11,88,166,341,235,271,207),
(22,11,88,168,341,235,271,205),
(1,3,88,234,339,235,225,187),
(2,3,88,237,336,236,222,189),
(3,3,88,239,335,236,224,186),
(4,3,88,230,343,235,225,187),
(5,3,88,233,337,235,223,192),
(6,3,88,239,335,236,221,189),
(8,3,88,235,341,235,221,188),
(9,3,88,231,341,235,228,185),
(10,3,88,231,341,235,228,185),
(11,3,88,235,336,235,225,189),
(22,3,88,237,341,235,221,186),
(25,3,88,234,337,236,224,189),
(26,3,88,234,337,236,224,189),
(1,8,88,171,235,235,275,304),
(2,8,88,174,232,236,272,306),
(3,8,88,176,231,236,274,303),
(4,8,88,167,239,235,275,304),
(5,8,88,170,233,235,273,309),
(7,8,88,166,237,235,278,304),
(8,8,88,172,237,235,271,305),
(9,8,88,168,237,235,278,302),
(10,8,88,168,237,235,278,302),
(11,8,88,172,232,235,275,306),
(22,8,88,174,237,235,271,303),
(25,8,88,171,233,236,274,306),
(26,8,88,171,233,236,274,306),
(1,10,88,165,339,235,275,206),
(2,10,88,168,336,236,272,208),
(3,10,88,170,335,236,274,205),
(4,10,88,161,343,235,275,206),
(5,10,88,164,337,235,273,211),
(6,10,88,170,335,236,271,208),
(7,10,88,160,341,235,278,206),
(8,10,88,166,341,235,271,207),
(10,10,88,162,341,235,278,204),
(11,10,88,166,336,235,275,208),
(25,10,88,165,337,236,274,208),
(26,10,88,165,337,236,274,208),
(1,2,88,384,120,235,275,206),
(3,2,88,389,116,236,274,205),
(6,2,88,389,116,236,271,208),
(10,2,88,381,122,235,278,204),
(11,2,88,385,117,235,275,208),
(1,5,88,223,282,235,275,206),
(3,5,88,228,278,236,274,205),
(4,5,88,219,286,235,275,206),
(5,5,88,222,280,235,273,211),
(6,5,88,228,278,236,271,208),
(7,5,88,218,284,235,278,206),
(8,5,88,224,284,235,271,207),
(9,5,88,220,284,235,278,204),
(10,5,88,220,284,235,278,204),
(11,5,88,224,279,235,275,208),
(22,5,88,226,284,235,271,205),
(25,5,88,223,280,236,274,208),
(26,5,88,223,280,236,274,208),
(1,4,88,318,339,235,188,140),
(2,4,88,321,336,236,185,142),
(3,4,88,323,335,236,187,139),
(4,4,88,314,343,235,188,140),
(5,4,88,317,337,235,186,145),
(7,4,88,313,341,235,191,140),
(8,4,88,319,341,235,184,141),
(9,4,88,315,341,235,191,138),
(10,4,88,315,341,235,191,138),
(22,4,88,321,341,235,184,139),
(25,4,88,318,337,236,187,142),
(26,4,88,318,337,236,187,142),
(2,7,88,168,336,236,272,208),
(3,7,88,170,335,236,274,205),
(6,7,88,170,335,236,271,208),
(8,7,88,166,341,235,271,207),
(9,7,88,162,341,235,278,204),
(11,7,88,166,336,235,275,208),
(25,7,88,165,337,236,274,208),
(26,7,88,165,337,236,274,208),
(1,9,88,146,260,235,275,304),
(2,9,88,149,257,236,272,306),
(3,9,88,151,256,236,274,303),
(5,9,88,145,258,235,273,309),
(7,9,88,141,262,235,278,304),
(8,9,88,147,262,235,271,305),
(9,9,88,143,262,235,278,302),
(10,9,88,143,262,235,278,302),
(22,9,88,149,262,235,271,303),
(1,1,88,384,235,235,188,179),
(2,1,88,387,232,236,185,181),
(3,1,88,389,231,236,187,178),
(4,1,88,380,239,235,188,179),
(5,1,88,383,233,235,186,184),
(6,1,88,389,231,236,184,181),
(7,1,88,379,237,235,191,179),
(8,1,88,385,237,235,184,180),
(9,1,88,381,237,235,191,177),
(10,1,88,381,237,235,191,177),
(11,1,88,385,232,235,188,181),
(22,1,88,387,237,235,184,178),
(1,6,89,397,292,243,155,174),
(2,6,89,400,289,244,152,176),
(3,6,89,402,288,244,154,173),
(4,6,89,393,296,243,155,174),
(5,6,89,396,290,243,153,179),
(6,6,89,402,288,244,151,176),
(7,6,89,392,294,243,158,174),
(8,6,89,398,294,243,151,175),
(9,6,89,394,294,243,158,172),
(10,6,89,394,294,243,158,172),
(11,6,89,398,289,243,155,176),
(22,6,89,400,294,243,151,173),
(4,11,89,167,354,243,284,213),
(6,11,89,176,346,244,280,215),
(8,11,89,172,352,243,280,214),
(22,11,89,174,352,243,280,212),
(1,3,89,242,350,243,233,194),
(2,3,89,245,347,244,230,196),
(3,3,89,247,346,244,232,193),
(4,3,89,238,354,243,233,194),
(5,3,89,241,348,243,231,199),
(6,3,89,247,346,244,229,196),
(8,3,89,243,352,243,229,195),
(9,3,89,239,352,243,236,192),
(10,3,89,239,352,243,236,192),
(11,3,89,243,347,243,233,196),
(22,3,89,245,352,243,229,193),
(25,3,89,242,348,244,232,196),
(26,3,89,242,348,244,232,196),
(1,8,89,177,242,243,284,315),
(2,8,89,180,239,244,281,317),
(3,8,89,182,238,244,283,314),
(4,8,89,173,246,243,284,315),
(5,8,89,176,240,243,282,320),
(7,8,89,172,244,243,287,315),
(8,8,89,178,244,243,280,316),
(9,8,89,174,244,243,287,313),
(10,8,89,174,244,243,287,313),
(11,8,89,178,239,243,284,317),
(22,8,89,180,244,243,280,314),
(25,8,89,177,240,244,283,317),
(26,8,89,177,240,244,283,317),
(1,10,89,171,350,243,284,213),
(2,10,89,174,347,244,281,215),
(3,10,89,176,346,244,283,212),
(4,10,89,167,354,243,284,213),
(5,10,89,170,348,243,282,218),
(6,10,89,176,346,244,280,215),
(7,10,89,166,352,243,287,213),
(8,10,89,172,352,243,280,214),
(10,10,89,168,352,243,287,211),
(11,10,89,172,347,243,284,215),
(25,10,89,171,348,244,283,215),
(26,10,89,171,348,244,283,215),
(1,2,89,397,124,243,284,213),
(3,2,89,402,120,244,283,212),
(6,2,89,402,120,244,280,215),
(10,2,89,394,126,243,287,211),
(11,2,89,398,121,243,284,215),
(1,5,89,230,291,243,284,213),
(3,5,89,235,287,244,283,212),
(4,5,89,226,295,243,284,213),
(5,5,89,229,289,243,282,218),
(6,5,89,235,287,244,280,215),
(7,5,89,225,293,243,287,213),
(8,5,89,231,293,243,280,214),
(9,5,89,227,293,243,287,211),
(10,5,89,227,293,243,287,211),
(11,5,89,231,288,243,284,215),
(22,5,89,233,293,243,280,212),
(25,5,89,230,289,244,283,215),
(26,5,89,230,289,244,283,215),
(1,4,89,329,350,243,194,145),
(2,4,89,332,347,244,191,147),
(3,4,89,334,346,244,193,144),
(4,4,89,325,354,243,194,145),
(5,4,89,328,348,243,192,150),
(7,4,89,324,352,243,197,145),
(8,4,89,330,352,243,190,146),
(9,4,89,326,352,243,197,143),
(10,4,89,326,352,243,197,143),
(22,4,89,332,352,243,190,144),
(25,4,89,329,348,244,193,147),
(26,4,89,329,348,244,193,147),
(2,7,89,174,347,244,281,215),
(3,7,89,176,346,244,283,212),
(6,7,89,176,346,244,280,215),
(8,7,89,172,352,243,280,214),
(9,7,89,168,352,243,287,211),
(11,7,89,172,347,243,284,215),
(25,7,89,171,348,244,283,215),
(26,7,89,171,348,244,283,215),
(1,9,89,150,269,243,284,315),
(2,9,89,153,266,244,281,317),
(3,9,89,155,265,244,283,314),
(5,9,89,149,267,243,282,320),
(7,9,89,145,271,243,287,315),
(8,9,89,151,271,243,280,316),
(9,9,89,147,271,243,287,313),
(10,9,89,147,271,243,287,313),
(22,9,89,153,271,243,280,314),
(1,1,89,397,242,243,194,185),
(2,1,89,400,239,244,191,187),
(3,1,89,402,238,244,193,184),
(4,1,89,393,246,243,194,185),
(5,1,89,396,240,243,192,190),
(6,1,89,402,238,244,190,187),
(7,1,89,392,244,243,197,185),
(8,1,89,398,244,243,190,186),
(9,1,89,394,244,243,197,183),
(10,1,89,394,244,243,197,183),
(11,1,89,398,239,243,194,187),
(22,1,89,400,244,243,190,184),
(25,1,89,397,240,244,193,187),
(26,1,89,397,240,244,193,187),
(25,1,90,409,248,251,199,193),
(26,1,90,409,248,251,199,193),
(1,6,90,409,301,250,160,180),
(2,6,90,412,298,251,157,182),
(3,6,90,414,297,251,159,179),
(4,6,90,405,305,250,160,180),
(5,6,90,408,299,250,158,185),
(6,6,90,414,297,251,156,182),
(7,6,90,404,303,250,163,180),
(8,6,90,410,303,250,156,181),
(9,6,90,406,303,250,163,178),
(10,6,90,406,303,250,163,178),
(11,6,90,410,298,250,160,182),
(22,6,90,412,303,250,156,179),
(4,11,90,172,365,250,293,220),
(6,11,90,181,357,251,289,222),
(8,11,90,177,363,250,289,221),
(22,11,90,179,363,250,289,219),
(1,3,90,249,361,250,240,200),
(2,3,90,252,358,251,237,202);
INSERT INTO `player_levelstats` (`race`,`class`,`level`,`str`,`agi`,`sta`,`inte`,`spi`) VALUES
(3,3,90,254,357,251,239,199),
(4,3,90,245,365,250,240,200),
(5,3,90,248,359,250,238,205),
(6,3,90,254,357,251,236,202),
(8,3,90,250,363,250,236,201),
(9,3,90,246,363,250,243,198),
(10,3,90,246,363,250,243,198),
(11,3,90,250,358,250,240,202),
(22,3,90,252,363,250,236,199),
(25,3,90,249,359,251,239,202),
(26,3,90,249,359,251,239,202),
(1,8,90,182,250,250,293,325),
(2,8,90,185,247,251,290,327),
(3,8,90,187,246,251,292,324),
(4,8,90,178,254,250,293,325),
(5,8,90,181,248,250,291,330),
(7,8,90,177,252,250,296,325),
(8,8,90,183,252,250,289,326),
(9,8,90,179,252,250,296,323),
(10,8,90,179,252,250,296,323),
(11,8,90,183,247,250,293,327),
(22,8,90,185,252,250,289,324),
(25,8,90,182,248,251,292,327),
(26,8,90,182,248,251,292,327),
(1,10,90,176,361,250,293,220),
(2,10,90,179,358,251,290,222),
(3,10,90,181,357,251,292,219),
(4,10,90,172,365,250,293,220),
(5,10,90,175,359,250,291,225),
(6,10,90,181,357,251,289,222),
(7,10,90,171,363,250,296,220),
(8,10,90,177,363,250,289,221),
(10,10,90,173,363,250,296,218),
(11,10,90,177,358,250,293,222),
(25,10,90,176,359,251,292,222),
(26,10,90,176,359,251,292,222),
(1,2,90,409,128,250,293,220),
(3,2,90,414,124,251,292,219),
(6,2,90,414,124,251,289,222),
(10,2,90,406,130,250,296,218),
(11,2,90,410,125,250,293,222),
(1,5,90,237,300,250,293,220),
(3,5,90,242,296,251,292,219),
(4,5,90,233,304,250,293,220),
(5,5,90,236,298,250,291,225),
(6,5,90,242,296,251,289,222),
(7,5,90,232,302,250,296,220),
(8,5,90,238,302,250,289,221),
(9,5,90,234,302,250,296,218),
(10,5,90,234,302,250,296,218),
(11,5,90,238,297,250,293,222),
(22,5,90,240,302,250,289,219),
(25,5,90,237,298,251,292,222),
(26,5,90,237,298,251,292,222),
(1,4,90,339,361,250,200,150),
(2,4,90,342,358,251,197,152),
(3,4,90,344,357,251,199,149),
(4,4,90,335,365,250,200,150),
(5,4,90,338,359,250,198,155),
(7,4,90,334,363,250,203,150),
(8,4,90,340,363,250,196,151),
(9,4,90,336,363,250,203,148),
(10,4,90,336,363,250,203,148),
(22,4,90,342,363,250,196,149),
(25,4,90,339,359,251,199,152),
(26,4,90,339,359,251,199,152),
(2,7,90,179,358,251,290,222),
(3,7,90,181,357,251,292,219),
(6,7,90,181,357,251,289,222),
(8,7,90,177,363,250,289,221),
(9,7,90,173,363,250,296,218),
(11,7,90,177,358,250,293,222),
(25,7,90,176,359,251,292,222),
(26,7,90,176,359,251,292,222),
(1,9,90,155,277,250,293,325),
(2,9,90,158,274,251,290,327),
(3,9,90,160,273,251,292,324),
(5,9,90,154,275,250,291,330),
(7,9,90,150,279,250,296,325),
(8,9,90,156,279,250,289,326),
(9,9,90,152,279,250,296,323),
(10,9,90,152,279,250,296,323),
(22,9,90,158,279,250,289,324),
(1,1,90,409,250,250,200,191),
(2,1,90,412,247,251,197,193),
(3,1,90,414,246,251,199,190),
(4,1,90,405,254,250,200,191),
(5,1,90,408,248,250,198,196),
(6,1,90,414,246,251,196,193),
(7,1,90,404,252,250,203,191),
(8,1,90,410,252,250,196,192),
(9,1,90,406,252,250,203,189),
(10,1,90,406,252,250,203,189),
(11,1,90,410,247,250,200,193),
(22,1,90,412,252,250,196,190);

-- ---------------------------------------------------------------- player_xp_for_level  (XP curve to level 90)
INSERT INTO `player_xp_for_level` (`lvl`,`xp_for_next_level`) VALUES
(85,13000000),
(86,15080000),
(87,18980000),
(88,22880000),
(89,27560000);

-- ---------------------------------------------------------------- playercreateinfo_action
INSERT INTO `playercreateinfo_action` (`race`,`class`,`button`,`action`,`type`) VALUES
(22,1,0,6603,0),
(22,1,1,78,0),
(22,1,9,68992,0),
(11,1,0,6603,0),
(11,1,1,78,0),
(11,1,9,59542,0),
(10,1,0,6603,0),
(10,1,1,78,0),
(10,1,9,28730,0),
(9,1,0,6603,0),
(9,1,1,78,0),
(9,1,9,69070,0),
(8,1,0,6603,0),
(8,1,1,78,0),
(8,1,9,26297,0),
(24,1,9,107079,0),
(7,1,0,6603,0),
(7,1,1,78,0),
(7,1,9,20589,0),
(6,1,0,6603,0),
(6,1,1,78,0),
(5,1,0,6603,0),
(5,1,1,78,0),
(6,1,9,20549,0),
(4,1,0,6603,0),
(4,1,1,78,0),
(5,1,9,20577,0),
(3,1,0,6603,0),
(3,1,1,78,0),
(4,1,9,58984,0),
(2,1,0,6603,0),
(2,1,1,78,0),
(3,1,9,20594,0),
(1,1,0,6603,0),
(1,1,1,78,0),
(7,4,9,20589,0),
(1,10,0,100780,0),
(2,10,0,100780,0),
(3,10,0,100780,0),
(4,10,0,100780,0),
(5,10,0,100780,0),
(6,10,0,100780,0),
(7,10,0,100780,0),
(10,10,0,100780,0),
(11,10,0,100780,0),
(24,10,0,100780,0),
(1,10,72,100780,0),
(2,10,72,100780,0),
(3,10,72,100780,0),
(4,10,72,100780,0),
(5,10,72,100780,0),
(6,10,72,100780,0),
(7,10,72,100780,0),
(10,10,72,100780,0),
(11,10,72,100780,0),
(1,10,9,59752,0),
(2,10,9,20572,0),
(3,10,9,20594,0),
(4,10,9,58984,0),
(5,10,9,20577,0),
(6,10,9,20549,0),
(2,1,9,20572,0),
(10,10,9,28730,0),
(11,10,9,59542,0),
(24,10,9,107079,0),
(1,10,81,59752,0),
(2,10,81,33702,0),
(3,10,81,20594,0),
(4,10,81,58984,0),
(5,10,81,20577,0),
(6,10,81,20549,0),
(1,1,9,59752,0),
(10,10,81,28730,0),
(11,10,81,59548,0),
(7,5,9,20589,0),
(7,6,9,20589,0),
(7,8,9,20589,0),
(7,9,9,20589,0),
(7,10,9,20589,0),
(7,10,81,20589,0),
(7,1,81,20589,0),
(22,1,81,68992,0),
(24,1,0,6603,0),
(8,10,72,100780,0),
(8,10,0,100780,0),
(8,10,81,26297,0),
(9,10,81,69070,0),
(9,10,82,69041,0),
(24,1,1,78,0);

-- ---------------------------------------------------------------- playercreateinfo_item
INSERT INTO `playercreateinfo_item` (`race`,`class`,`itemid`,`amount`) VALUES
(0,6,40582,1);

-- ---------------------------------------------------------------- reputation_spillover_template

-- ---------------------------------------------------------------- script_waypoint
INSERT INTO `script_waypoint` (`entry`,`pointid`,`location_x`,`location_y`,`location_z`,`waittime`,`point_comment`) VALUES
(26170,5,3721.24,3561.95,477.44,0,''),
(26170,4,3720.19,3563.44,477.441,0,''),
(26170,3,3714.32,3572.3,477.442,0,''),
(26170,2,3705.94,3573.63,476.841,0,''),
(26170,1,3700.08,3574.54,473.322,0,''),
(28217,28,5634.02,4600.35,-137.291,2000,''),
(28217,27,5596.56,4642.26,-136.593,0,''),
(28217,26,5578.32,4653.29,-136.896,0,''),
(28217,25,5570,4654.5,-134.947,0,''),
(22424,0,-3605.72,4175.58,-0.031817,0,'START_SKYWING'),
(18731,8,-157.366,2.177,8.073,0,''),
(18731,7,-142.922,-18.95,8.073,0,''),
(18731,6,-141.779,-38.972,8.073,0,''),
(18731,5,-142.292,-59.423,8.073,0,''),
(18731,4,-156.659,-72.118,8.073,0,''),
(18731,3,-170.718,-59.436,8.073,0,''),
(18731,2,-171.051,-38.748,8.073,0,''),
(18731,1,-172.266,-18.28,8.073,0,''),
(18731,0,-157.366,2.177,8.073,0,''),
(7784,83,-6957.16,-4788.92,6.26,0,''),
(7784,82,-6970.41,-4788.77,9.42,0,''),
(7784,81,-6984.95,-4788.61,9.3,0,''),
(7784,80,-7001.71,-4769.73,10.59,0,''),
(7784,79,-7013.9,-4758.64,10.28,0,''),
(7784,78,-7035.12,-4754.39,9.19,0,''),
(7784,77,-7061.81,-4751.98,9.26,0,''),
(7784,76,-7082.79,-4752.99,9.97,0,''),
(7784,75,-7101.06,-4753.87,8.92,0,''),
(7784,74,-7122.6,-4754.91,9.66,0,''),
(7784,73,-7139.58,-4756.02,9.53,0,''),
(7784,72,-7159.61,-4752.9,9.52,0,''),
(7784,71,-7182.01,-4749.41,9.09,0,''),
(7784,70,-7201.86,-4746.32,9.58,0,''),
(7784,69,-7217.52,-4743.87,10.79,0,''),
(7784,68,-7236.7,-4742.24,10.16,0,''),
(7784,67,-7258.33,-4742.93,9.64,0,''),
(7784,66,-7281,-4743.66,11.21,0,''),
(7784,65,-7302.35,-4744.35,11.97,0,''),
(7784,64,-7321.62,-4744.97,11.58,0,''),
(7784,63,-7341,-4752.11,10.17,0,''),
(7784,62,-7367.25,-4764.17,11.92,0,''),
(7784,61,-7393.84,-4770.19,12.57,0,''),
(7784,60,-7426.27,-4777.83,9.54,0,''),
(7784,59,-7453.18,-4782.41,9.15,0,''),
(7784,58,-7469.1,-4785.11,10.42,0,''),
(7784,57,-7490.79,-4788.8,10.53,0,''),
(7784,56,-7512.07,-4793.5,9.35,0,'Wastewander'),
(7784,55,-7536.4,-4789.32,8.92,0,''),
(7784,54,-7558.51,-4779.01,9.64,0,''),
(7784,53,-7579.43,-4767.07,8.93,0,''),
(7784,52,-7603.15,-4757.53,9.06,0,''),
(7784,51,-7620.08,-4753.96,8.93,0,''),
(7784,50,-7641.47,-4750.33,8.94,0,''),
(7784,49,-7665.33,-4752.62,10.56,0,''),
(7784,48,-7697.98,-4763.8,9.52,0,''),
(7784,47,-7724.11,-4772.75,10.28,0,''),
(7784,46,-7746.42,-4780.39,9.84,0,''),
(7784,45,-7778.68,-4738.05,8.89,0,''),
(7784,44,-7793.88,-4717.55,10.48,0,''),
(7784,43,-7807.86,-4698.69,11.24,0,''),
(7784,42,-7826.17,-4673.99,10.61,0,''),
(7784,41,-7840.79,-4654.26,9.45,0,''),
(7784,40,-7862.83,-4624.53,10.21,0,''),
(7784,39,-7883.33,-4593.91,12.15,0,''),
(7784,38,-7904.09,-4566.67,12.59,0,''),
(7784,37,-7932.45,-4528.91,10.08,0,''),
(7784,36,-7958.83,-4503.98,9.69,0,''),
(7784,35,-7981.64,-4482.44,10.32,0,''),
(18760,0,-2265.21,3091.14,13.91,0,''),
(29173,7,2257.48,-5296.7,82.165,0,'being kicked by Lich King'),
(29173,6,2281.46,-5263.01,81.164,0,'charge to lich king'),
(24156,1,1859.74,-6178.15,24.3033,0,''),
(24156,2,1866.06,-6172.81,23.9216,0,''),
(24156,3,1876.43,-6167.42,23.7332,0,''),
(24156,4,1903.37,-6167.9,23.312,0,''),
(24156,5,1934.43,-6168.46,23.7148,0,''),
(24156,6,1942.38,-6168.21,23.7133,0,''),
(24156,7,1953.48,-6172.4,24.2785,0,''),
(24156,8,1969.21,-6179.69,23.8501,0,''),
(24156,9,1992.18,-6177.24,21.3992,0,''),
(24156,10,2015.73,-6174.73,15.3766,0,''),
(24156,11,2016.99,-6156.39,12.5927,0,''),
(24156,12,2018.14,-6130.62,6.31995,0,''),
(24156,13,2043.73,-6119.18,5.17474,0,''),
(24156,14,2080.99,-6100.03,7.72235,0,''),
(24156,15,2115.47,-6096.21,5.36958,0,''),
(24156,16,2130.36,-6151.59,1.24893,0,''),
(24156,17,2160.5,-6098.78,3.14191,0,''),
(24156,18,2161.26,-6101.38,2.81571,0,''),
(24156,19,2172.54,-6108.54,2.26422,0,''),
(24156,20,2206.69,-6110.46,0.787735,0,''),
(24156,21,2228.23,-6090.02,1.17018,0,''),
(24156,22,2262.76,-6056.79,1.82852,0,''),
(24156,23,2285.54,-6046.96,1.6305,0,''),
(24156,24,2298.05,-6041.56,2.01465,0,''),
(24156,25,2307.53,-6031.23,2.93796,0,''),
(24156,26,2309.46,-6024.45,3.65369,5000,''),
(7784,84,-6951.29,-4802.73,4.45,0,''),
(7784,85,-6944.81,-4816.58,1.6,0,''),
(7784,86,-6942.06,-4839.4,0.66,5000,''),
(29173,8,2261.24,-5294.98,82.167,0,'throw'),
(29173,9,2259.34,-5294.38,82.167,0,'event end'),
(23784,1,1383.52,-6411.72,1.2181,5,'Apothecary Hanes'),
(23784,2,1392.57,-6403.5,1.9699,2000,'Apothecary Hanes'),
(23784,3,1397.42,-6378.76,4.996,5,'Apothecary Hanes'),
(23784,4,1427.36,-6359.47,6.385,5,'Apothecary Hanes'),
(23784,5,1406.46,-6334.45,6.149,2000,'Apothecary Hanes'),
(23784,6,1400.77,-6339.71,6.367,5000,'Apothecary Hanes'),
(23784,7,1424.09,-6326.67,5.716,5,'Apothecary Hanes'),
(23784,8,1470,-6347.45,7.596,5000,'Apothecary Hanes'),
(23784,9,1465.18,-6343.53,7.58766,2000,'Apothecary Hanes'),
(23784,10,1463.9,-6339.28,7.56152,5,'Apothecary Hanes'),
(23784,11,1474.6,-6327.65,7.02011,5,'Apothecary Hanes'),
(23784,12,1486.59,-6319.08,8.13591,5,'Apothecary Hanes'),
(23784,13,1499.87,-6312.24,7.11185,5,'Apothecary Hanes'),
(23784,14,1507.95,-6315.27,7.05227,5000,'Apothecary Hanes'),
(23784,15,1511.92,-6300.64,6.43812,5,'Apothecary Hanes'),
(23784,16,1520.02,-6279.71,5.31363,5,'Apothecary Hanes'),
(23784,17,1534.01,-6245,6.31535,5,'Apothecary Hanes'),
(23784,18,1537.98,-6224.37,6.36504,5,'Apothecary Hanes'),
(23784,19,1551.58,-6206.27,6.9545,2000,'Apothecary Hanes'),
(23784,20,1572.99,-6197.74,6.70809,5,'Apothecary Hanes'),
(23784,21,1608.51,-6175.83,8.80075,5,'Apothecary Hanes'),
(23784,22,1619.15,-6167.6,9.39125,5,'Apothecary Hanes'),
(23784,23,1634.05,-6153.81,8.08527,5,'Apothecary Hanes'),
(25208,26,4206.46,6291.56,10.9628,0,''),
(25208,27,4211.45,6282.82,9.05693,0,''),
(25208,28,4215.22,6277.25,8.54002,0,''),
(25208,29,4215.28,6268.57,8.30674,0,''),
(25208,30,4224.23,6269.53,6.97205,0,''),
(25208,31,4235.98,6270.9,3.27214,0,''),
(25208,32,4242.67,6269.45,1.45579,0,''),
(25208,33,4250.43,6262.49,0.611961,0,''),
(25208,34,4259.07,6253.33,-0.0686721,0,''),
(25208,35,4261.11,6248.81,-0.112029,0,''),
(25208,36,4257.58,6234.09,-0.094803,0,''),
(25208,37,4252.62,6224.3,-0.154816,0,''),
(25208,38,4247.92,6214.75,-0.221144,0,''),
(25208,39,4254.04,6205.58,-0.186623,0,''),
(25208,40,4262.6,6194.47,-0.145114,0,''),
(25208,41,4268.96,6189.47,0.0303093,21000,''),
(1754,1,-8334.89,394.13,122.274,0,''),
(1754,2,-8335.58,393.519,122.275,0,''),
(1754,3,-8352.99,379.932,122.275,0,''),
(1754,4,-8356.65,385.247,122.275,0,''),
(1754,5,-8364.29,395.317,122.275,0,''),
(1754,6,-8361.75,402.852,122.275,0,''),
(1754,7,-8359.94,410.92,122.275,0,''),
(1754,8,-8362.84,415.409,122.275,0,''),
(1754,9,-8370.42,424.6,122.275,0,''),
(1754,10,-8380.45,437.115,122.275,0,''),
(1754,11,-8386.37,444.906,122.275,0,''),
(1754,12,-8388.5,447.314,123.275,0,''),
(1754,13,-8390.25,449.247,124.275,0,''),
(1754,14,-8392.84,452.397,123.761,0,''),
(1754,15,-8397.52,457.326,123.761,0,''),
(1754,16,-8402.42,461.646,123.761,0,''),
(1754,17,-8409.52,462.677,123.761,0,''),
(8856,1,-8409.34,453.345,123.761,0,''),
(8856,2,-8409.52,462.677,123.761,0,''),
(8856,3,-8402.42,461.646,123.761,0,''),
(8856,4,-8397.52,457.326,123.761,0,''),
(8856,5,-8392.84,452.397,123.761,0,''),
(8856,6,-8390.25,449.247,124.275,0,''),
(8856,7,-8388.5,447.314,123.275,0,''),
(8856,8,-8386.37,444.906,122.275,0,''),
(8856,9,-8380.45,437.115,122.275,0,''),
(8856,10,-8370.42,424.6,122.275,0,''),
(8856,11,-8362.84,415.409,122.275,0,''),
(8856,12,-8359.94,410.92,122.275,0,''),
(8856,13,-8361.75,402.852,122.275,0,''),
(8856,14,-8364.29,395.317,122.275,0,''),
(8856,15,-8356.65,385.247,122.275,0,''),
(8856,16,-8352.99,379.932,122.275,0,''),
(8856,17,-8335.58,393.519,122.275,0,''),
(8856,18,-8334.89,394.13,122.274,0,''),
(30023,1,5722.56,-2960.69,286.276,0,''),
(30023,2,5734.7,-2984.99,286.276,0,''),
(30023,3,5737.4,-2991.31,282.575,0,''),
(30023,4,5740.42,-2997.54,277.263,0,''),
(30023,5,5743.79,-3004.05,273.57,0,''),
(30023,6,5764.24,-2993.79,272.944,0,''),
(30017,1,5790.98,-2927.3,286.277,0,''),
(30017,2,5803,-2953,286.277,0,''),
(30017,3,5805.18,-2958.51,282.899,0,''),
(30017,4,5807.04,-2961.45,280.25,0,''),
(30017,5,5808.86,-2965.14,277.089,0,''),
(30017,6,5811.7,-2970.82,273.569,0,''),
(30017,7,5789.98,-2980.25,273.584,0,''),
(25504,1,2882.26,6734.51,32.8864,0,'Mootoo the Younger'),
(25504,2,2877.37,6731.59,32.8721,0,'Mootoo the Younger'),
(25504,3,2874.18,6725.85,30.3087,0,'Mootoo the Younger'),
(25504,4,2866.36,6726.04,26.7277,0,'Mootoo the Younger'),
(25504,5,2863.97,6731.91,23.8372,0,'Mootoo the Younger'),
(25504,6,2869.29,6736.92,20.5227,0,'Mootoo the Younger'),
(25504,7,2874.16,6731.88,18.5042,0,'Mootoo the Younger'),
(25504,8,2887.05,6736.39,13.997,0,'Mootoo the Younger'),
(25504,9,2901.68,6741.25,14.0413,0,'Mootoo the Younger'),
(25504,10,2919.45,6746.28,13.7325,5000,'Mootoo the Younger'),
(25504,11,2947.18,6738.71,12.7117,0,'Mootoo the Younger'),
(25504,12,2982.43,6748.59,10.2755,5000,'Mootoo the Younger'),
(25504,13,2985.05,6776.05,8.33081,0,'Mootoo the Younger'),
(25504,14,2978.72,6801.48,5.83056,0,'Mootoo the Younger'),
(25504,15,2957.81,6818.86,4.7594,0,'Mootoo the Younger'),
(25504,16,2917.03,6820.55,5.87954,5000,'Mootoo the Younger'),
(25504,17,2890.04,6825.68,4.11676,0,'Mootoo the Younger'),
(25504,18,2850.31,6812.35,2.09411,0,'Mootoo the Younger'),
(25504,19,2821.29,6797.99,4.49696,0,'Mootoo the Younger'),
(25504,20,2798.25,6770.64,5.0632,1000,'Mootoo the Younger'),
(25504,21,2807.49,6748.29,8.25933,5000,'Mootoo the Younger'),
(25589,1,4462.37,5372.75,-15.2912,0,NULL),
(25589,2,4478.7,5377.27,-15.0012,5000,NULL),
(25589,3,4482.25,5390.64,-15.2354,0,NULL),
(25589,4,4477.09,5405.02,-15.2386,0,NULL),
(25589,5,4468.71,5416.9,-15.2602,0,NULL),
(25589,6,4457.24,5426.87,-15.6104,0,NULL),
(25589,7,4439.7,5433.46,-15.2384,0,NULL),
(25589,8,4422.63,5432.32,-14.8822,0,NULL),
(25589,9,4404.71,5422.74,-14.4494,0,NULL),
(25589,10,4394.68,5406.63,-10.8423,0,NULL),
(25589,11,4391.99,5392.88,-6.45477,0,NULL),
(25589,12,4390.65,5370.91,0.504708,0,NULL),
(25589,13,4393.34,5354.19,3.1859,0,NULL),
(25589,14,4401.68,5342.78,5.20245,0,NULL),
(25589,15,4417.98,5335.18,8.31299,0,NULL),
(25589,16,4431.01,5335.17,11.0135,0,NULL),
(25589,17,4446.21,5340.58,14.4585,0,NULL),
(25589,18,4462.73,5350.22,16.8783,0,NULL),
(25589,19,4475.06,5362.82,19.1229,0,NULL),
(25589,20,4480.92,5381.72,22.2479,0,NULL),
(25589,21,4481.31,5394.2,26.2008,0,NULL),
(25589,22,4476.32,5409.12,29.0811,5000,NULL),
(25589,23,4466.33,5420.75,31.8093,0,NULL),
(25589,24,4450.66,5430.03,36.2843,0,NULL),
(25589,25,4431.24,5433.77,38.2282,0,NULL),
(25589,26,4417.65,5437.11,40.2429,0,NULL),
(25589,27,4402.5,5440.94,42.7727,0,NULL),
(25589,28,4387.11,5450.98,48.6992,0,NULL),
(25589,29,4364.52,5468.98,48.8229,0,NULL),
(25589,30,4344.02,5483.26,48.0509,0,NULL),
(349,55,-8792.01,-2453.38,142.746,0,''),
(349,56,-8797.41,-2462.21,138.171,0,''),
(349,57,-8804.78,-2472.43,134.192,0,''),
(349,58,-8815.26,-2478.45,133.079,0,''),
(349,59,-8823.74,-2491.21,132.911,0,''),
(349,60,-8835.25,-2496.44,132.057,0,''),
(349,61,-8841.04,-2503.01,132.199,0,''),
(349,62,-8850.81,-2509.63,132.865,0,''),
(349,63,-8858.64,-2522.29,133.852,0,''),
(349,64,-8862.25,-2527.1,134.279,0,''),
(349,65,-8870.67,-2542.08,131.044,0,''),
(349,66,-8880.4,-2550.79,130.505,0,''),
(349,67,-8892.87,-2560.3,130.558,0,''),
(349,68,-8908.74,-2573.64,131.616,0,''),
(349,69,-8922.05,-2585.31,132.446,0,''),
(349,70,-8935.86,-2591.19,132.446,0,''),
(349,71,-8949.08,-2596.87,132.537,0,''),
(349,72,-8959.17,-2599.72,132.507,0,''),
(349,73,-8969.43,-2601.96,132.471,0,''),
(349,74,-8979.77,-2603.66,132.39,0,''),
(349,75,-8991.61,-2604.16,131.196,0,''),
(349,76,-9000.2,-2602.38,128.954,0,''),
(349,77,-9011.57,-2594.23,127.435,0,''),
(349,78,-9019.77,-2587.67,126.618,0,''),
(349,79,-9028.35,-2582.26,125.787,0,''),
(349,80,-9038.96,-2572.71,124.748,0,''),
(349,81,-9046.92,-2560.64,124.447,0,''),
(349,82,-9059.29,-2550.1,123.756,0,''),
(349,83,-9068.15,-2547.28,122.965,0,''),
(349,84,-9077.54,-2541.67,121.17,0,''),
(349,85,-9085.61,-2532.98,118.85,0,''),
(349,86,-9097.8,-2520.49,117.401,0,''),
(349,87,-9110.18,-2507.01,117.098,0,''),
(349,88,-9119.21,-2498.23,116.627,0,''),
(349,89,-9124.61,-2487.07,115.972,0,''),
(349,90,-9127.42,-2478.53,114.843,0,''),
(349,91,-9133.18,-2465.77,113.029,0,''),
(349,92,-9137.54,-2456.22,111.051,0,''),
(349,93,-9146.73,-2441.6,107.979,0,''),
(349,94,-9155.62,-2430.79,106.251,0,''),
(349,95,-9158.06,-2420.36,104.838,0,''),
(349,96,-9157.25,-2410.2,103.858,0,''),
(349,97,-9152.95,-2401.47,102.679,0,''),
(349,98,-9153.63,-2393.46,100.63,0,''),
(349,99,-9156.48,-2385.68,98.2937,0,''),
(349,100,-9161.01,-2379.87,96.2066,0,''),
(349,101,-9169.08,-2373.14,93.8832,0,''),
(349,102,-9175.61,-2368.72,92.5178,0,''),
(349,103,-9187.1,-2360.52,89.9231,0,''),
(349,104,-9194.27,-2352.89,87.593,0,''),
(349,105,-9201.07,-2344.88,85.8516,0,''),
(349,106,-9205.62,-2339.56,85.0342,0,''),
(349,107,-9212.44,-2331.58,83.8068,0,''),
(349,108,-9219.26,-2323.6,82.29,0,''),
(349,109,-9229.98,-2313.25,79.4506,0,''),
(349,110,-9240.03,-2303.51,76.7841,0,''),
(349,111,-9249.34,-2298.82,74.3911,0,''),
(349,112,-9254.95,-2296.68,72.8144,0,''),
(349,113,-9264.73,-2292.92,70.0089,0,''),
(349,114,-9272.24,-2293.79,68.6096,0,'');
INSERT INTO `script_waypoint` (`entry`,`pointid`,`location_x`,`location_y`,`location_z`,`waittime`,`point_comment`) VALUES
(349,115,-9277.03,-2295.98,68.1135,10000,''),
(6729,1,-861.803,-460.36,-33.8918,0,''),
(6729,2,-856.168,-464.425,-33.9223,0,''),
(6729,3,-849.964,-469.231,-34.0381,0,''),
(6729,4,-839.838,-473.654,-34.0535,0,''),
(6729,5,-837.417,-473.105,-34.0288,0,''),
(35491,1,754.709,646.999,442.961,0,''),
(35491,2,738.85,637.289,439.134,0,''),
(35491,3,727.272,619.164,438.186,0,''),
(35491,4,733.524,608.939,433.711,0,''),
(35491,5,745.537,605.399,428.795,0,''),
(35491,6,754.46,607.124,426.542,0,''),
(35491,7,763.48,616.796,422.603,0,''),
(35491,8,761.823,625.299,418.482,0,''),
(35491,9,755.923,631.506,413.966,0,''),
(35491,10,744.841,634.505,411.575,0,''),
(26588,1,4333.18,-3688.4,263.857,0,'0'),
(26588,2,4341.38,-3683.77,257.422,0,'0'),
(26588,3,4342.67,-3683.21,257.218,0,'0'),
(26588,4,4346.22,-3688.72,257.065,0,'0'),
(26588,5,4343.8,-3695.27,257.124,0,'0'),
(26588,6,4337.74,-3707.2,257.628,0,'0'),
(26588,7,4317.58,-3722.8,256.941,0,'0'),
(26588,8,4306.64,-3736.46,258.304,0,'0'),
(26588,9,4299.96,-3760.02,254.959,0,'0'),
(26588,10,4294.21,-3777.34,249.139,1000,'0'),
(26588,11,4294.37,-3776.97,249.259,10000,'0'),
(26588,12,4300.22,-3794.61,240.107,2000,'0'),
(26588,13,4307.25,-3817.76,231.414,2000,'0'),
(26588,14,4326.31,-3883.31,208.457,2000,'0'),
(26588,15,4346.19,-3905.41,198.805,2000,'0'),
(26588,16,4347.39,-3916.43,196.716,5000,'0'),
(26588,17,4350.17,-3935.03,191.824,1000,'0'),
(26588,18,4347.24,-3939.54,191.445,2000,'0'),
(26588,19,4347.24,-3939.54,191.445,2000,'0'),
(26588,20,4347.24,-3939.54,191.445,5000,'0'),
(26588,21,4347.24,-3939.54,191.445,7000,'0'),
(26588,22,4347.24,-3939.54,191.445,5000,'0'),
(26588,23,4347.24,-3939.54,191.445,5000,'0'),
(26588,24,4347.24,-3939.54,191.445,0,'0'),
(26588,25,4353.72,-3965.61,190.154,0,'0'),
(26588,26,4363.12,-3995.61,183.327,0,'0'),
(26588,27,4371.99,-4010.97,181.33,0,'0'),
(26499,0,1903.17,1291.57,143.32,0,'culling Bridge WP1'),
(26499,1,1911.09,1314.26,150.026,0,'culling Bridge WP2'),
(26499,2,1902.96,1295.13,143.388,10000,'culling Bridge WP3'),
(26499,3,1913.73,1287.41,141.927,0,'culling Bridge WP4'),
(26499,4,1990.83,1293.39,145.467,0,'culling Bridge WP5'),
(26499,5,1997,1317.78,142.963,0,'culling Bridge WP6'),
(26499,6,2019.63,1326.08,142.929,0,'culling Bridge WP7'),
(26499,7,2026.47,1287.09,143.596,0,'culling Bridge WP8'),
(26499,8,2050.66,1287.33,142.671,0,'culling Bridge WP9'),
(26499,9,2081.45,1287.77,141.324,0,'culling Streets WP1'),
(26499,10,2087.69,1280.34,140.73,0,'culling Streets WP2'),
(26499,11,2092.15,1276.65,140.52,0,'culling Streets WP3'),
(26499,12,2099.88,1280.21,138.55,0,'culling Streets WP4'),
(26499,13,2120.76,1286.97,136.343,0,'culling Streets WP5'),
(26499,14,2165.07,1279.34,133.4,0,'culling Streets WP6'),
(26499,15,2186.44,1234.44,136.524,0,'culling Streets WP7'),
(26499,16,2210.39,1207.55,136.259,0,'culling Streets WP8'),
(26499,17,2243.59,1177.7,137.144,0,'culling Streets WP9'),
(26499,18,2286.88,1177.26,137.631,0,'culling Streets WP10'),
(26499,19,2320.37,1179.95,133.926,0,'culling Streets WP11'),
(26499,20,2365.63,1194.84,131.974,0,'culling Streets WP12'),
(26499,21,2366.56,1197.76,132.382,0,'culling House WP1'),
(26499,22,2394.01,1205.15,134.125,0,'culling House WP2'),
(26499,23,2395.85,1206.34,134.039,0,'culling House WP3'),
(26499,24,2442.02,1219.2,133.999,0,'culling House WP3'),
(26499,25,2447.1,1191.18,148.076,0,'culling House WP4'),
(26499,26,2449.32,1191.09,148.076,0,'culling House WP5'),
(26499,27,2418.49,1196.06,148.076,0,'culling House WP6'),
(26499,28,2401.22,1191.7,148.076,0,'culling House WP7'),
(26499,29,2409.21,1157.43,148.19,0,'culling House WP8'),
(26499,30,2417.58,1121.03,148.082,0,'culling House WP9'),
(26499,31,2423.12,1119.43,148.076,0,'culling House WP10'),
(26499,32,2447.83,1112.71,148.076,0,'culling House WP11'),
(26499,33,2457.13,1120.94,150.008,0,'culling House WP12'),
(26499,34,2459.69,1127.01,150.008,0,'culling House WP13'),
(26499,35,2469.62,1122.27,150.008,0,'culling House WP14'),
(26499,36,2470.44,1122.79,150.008,3000,'culling House WP15'),
(26499,37,2471.66,1123.08,150.035,3000,'culling House WP16'),
(26499,38,2483.18,1125.04,149.905,0,'culling Secret WP1'),
(26499,39,2487.87,1099.76,144.858,0,'culling Secret WP2'),
(26499,40,2498.27,1101.93,144.599,0,'culling Secret WP3'),
(26499,41,2492.11,1128.24,139.967,0,'culling Secret WP4'),
(26499,42,2500.29,1130.18,139.982,0,'culling Room WP1'),
(26499,43,2503.01,1119.24,139.978,0,'culling Room WP2'),
(26499,44,2517.82,1122.65,132.066,0,'culling Room WP3'),
(26499,45,2540.48,1129.06,130.868,7000,'culling Fire Street WP1'),
(26499,46,2568.62,1157.79,126.906,0,'culling Fire Street WP2'),
(26499,47,2556.07,1222.06,125.412,20000,'culling Fire Street WP3'),
(26499,48,2521.53,1295.21,130.573,0,'culling Fire Street WP4'),
(26499,49,2504.36,1348.67,132.944,0,'culling Fire Street WP5'),
(26499,50,2450.59,1431.54,131.361,0,'culling Fire Street WP6'),
(26499,51,2353.49,1404.84,128.531,0,'culling Market WP1'),
(26499,52,2329.88,1406.27,128.013,0,'culling Market WP2'),
(26499,53,2329.88,1406.27,128.013,12000,'culling Market WP3'),
(26499,54,2327.39,1412.47,127.692,0,'culling Market WP4'),
(26499,55,2303.02,1480.07,128.139,0,'culling Crusader WP1'),
(26499,56,2296.67,1502.36,128.362,0,'culling Crusader WP2'),
(29434,1,6645.47,-1263.66,396.938,0,''),
(29434,2,6662.06,-1274.13,397.319,0,''),
(29434,3,6666.29,-1254.59,396.11,0,''),
(29434,4,6669.33,-1240.06,397.789,0,''),
(29434,5,6654.31,-1205.01,399.823,0,''),
(29434,6,6657.03,-1170.15,398.755,0,''),
(29434,7,6667.33,-1146.28,399.014,0,''),
(29434,8,6670.9,-1138.68,397.125,0,''),
(29434,9,6685.09,-1103.95,396.828,0,''),
(29434,10,6688.71,-1094.32,395.019,0,''),
(29434,11,6684.75,-1084.31,396.916,0,''),
(29434,12,6679.3,-1074.4,404.284,0,''),
(29434,13,6691.91,-1051.96,407.983,0,''),
(29434,14,6696.28,-1016.54,414.823,0,''),
(29434,15,6675.32,-1005.06,414.844,0,''),
(29434,16,6661.01,-1007.41,414.946,0,''),
(29434,17,6643.75,-1010.24,420.508,0,''),
(29434,18,6620.76,-1012.59,424.378,0,''),
(29434,19,6610.33,-996.992,428.116,0,''),
(29434,20,6581.3,-1005.9,434.257,0,''),
(29434,21,6570.74,-1013,434.076,0,''),
(29434,22,6551.68,-1012.38,433.218,0,''),
(29434,23,6530.83,-1024.99,433.04,0,''),
(29434,24,6510.05,-1031.23,435.824,0,''),
(29434,25,6491.5,-1032.46,434.226,0,''),
(29434,26,6475.58,-1023.13,434.759,0,''),
(29434,27,6451.81,-1025.43,431.502,10000,''),
(28787,0,5919.43,5374.88,-98.8816,5000,''),
(33370,1,331.674,-68.6878,409.804,0,'0'),
(33370,2,274.578,-92.1829,409.804,0,'0'),
(33370,3,226.433,-66.6652,409.793,0,'0'),
(33370,4,206.092,-34.7447,409.801,0,'0'),
(33370,5,240.208,1.10346,409.802,0,'0'),
(33370,6,337.199,11.7051,409.802,0,'0'),
(4880,25,-2824.84,-3569.52,31.2811,0,''),
(4880,26,-2818.66,-3567.8,30.9204,6000,''),
(4880,27,-2817.66,-3568.94,30.4312,6000,''),
(4880,28,-2820.39,-3592.22,30.7163,6000,''),
(4880,29,-2820.77,-3592.5,30.8861,0,''),
(4880,30,-2829.91,-3588.73,30.6831,0,''),
(4880,31,-2842.32,-3577.5,36.8489,0,''),
(4880,32,-2851.18,-3567.58,38.5159,0,''),
(4880,33,-2865.55,-3551.58,41.439,0,''),
(4880,34,-2871.23,-3548.15,40.7614,0,''),
(4880,35,-2877.84,-3544.15,38.6702,0,''),
(4880,36,-2890.39,-3542.39,34.3144,0,''),
(4880,37,-2898.73,-3543.64,34.32,6000,''),
(4880,38,-2910.06,-3568.96,34.25,0,''),
(4880,39,-2932.51,-3584.62,37.2385,0,''),
(29602,1,7085.37,-1938.05,773.318,0,NULL),
(29602,2,7085.37,-1938.05,773.318,0,NULL),
(29602,3,7065.38,-1988.5,768.948,0,NULL),
(29602,4,7079.7,-2033.11,764.27,0,NULL),
(29602,5,7068.75,-2081.64,758.469,0,NULL),
(29602,6,7065.99,-2130.8,756.086,0,NULL),
(29602,7,7088.31,-2173.47,759.419,0,NULL),
(29602,8,7124.07,-2207.86,758.38,0,NULL),
(29602,9,7152.24,-2248.38,759.643,0,NULL),
(29602,10,7196.35,-2265.14,756.914,0,NULL),
(29602,11,7234.01,-2297.48,752.485,0,NULL),
(29602,12,7255.4,-2341.08,751.685,0,NULL),
(29602,13,7297.88,-2368.09,751.665,0,NULL),
(29602,14,7304.31,-2416.37,752.892,0,NULL),
(29602,15,7320.82,-2463.65,750.849,0,NULL),
(29602,16,7363,-2490.5,749.815,0,NULL),
(29602,17,7409.49,-2475.07,751.959,0,NULL),
(29602,18,7422.45,-2427.56,752.506,0,NULL),
(29602,19,7407.29,-2380.34,753.012,0,NULL),
(29602,20,7366.27,-2303.3,756.057,0,NULL),
(29602,21,7318.56,-2301.53,754.494,0,NULL),
(29602,22,7281,-2270.39,756.379,0,NULL),
(29602,23,7237.94,-2246.72,756.433,0,NULL),
(29602,24,7193.83,-2231.05,757.992,0,NULL),
(29602,25,7159.35,-2195.31,760.648,0,NULL),
(29602,26,7122.39,-2164.84,760.57,0,NULL),
(29602,27,7112.46,-2116.78,759.807,0,NULL),
(29602,28,7117.6,-2040.71,767.7,0,NULL),
(29602,29,7107.04,-2011.19,770.182,0,NULL),
(29602,30,7103.94,-1985.65,771.171,0,NULL),
(29602,31,7079.7,-1966.68,769.305,0,NULL),
(29602,32,7080.02,-1948.49,771.61,0,NULL),
(29602,33,7087.93,-1931.9,773.873,0,NULL),
(37129,0,4356.9,2648,350.285,0,'Crok Scourgebane - at first trash pack'),
(37129,1,4357,2582.17,351.101,0,'Crok Scourgebane - at second trash pack'),
(37129,2,4357.21,2555.91,354.478,0,NULL),
(37129,3,4357.09,2547.81,354.766,0,NULL),
(37129,4,4356.88,2512.4,358.436,0,'Crok Scourgebane - at Sister Svalna'),
(18209,1,-1518.59,8469.96,-4.10176,0,''),
(18209,2,-1511.78,8480.53,-4.03392,0,''),
(18209,3,-1513.45,8509.76,-0.109888,0,''),
(18209,4,-1498.86,8508.81,0.844676,0,''),
(18209,5,-1454.22,8495.81,4.91244,0,''),
(18209,6,-1437.48,8504.17,6.87912,0,''),
(18209,7,-1382.29,8539.87,11.139,7500,''),
(18209,8,-1361.22,8521.44,11.144,0,''),
(18209,9,-1324.8,8510.69,13.05,0,''),
(18209,10,-1312.08,8492.71,14.235,0,'');

-- ---------------------------------------------------------------- skill_discovery_template
INSERT INTO `skill_discovery_template` (`spellId`,`reqSpell`,`reqSkillValue`,`chance`) VALUES
(58322,61177,385,100),
(58341,61177,385,100),
(58322,61756,0,100),
(58341,61756,0,100);

-- ---------------------------------------------------------------- skill_extra_item_template

-- ---------------------------------------------------------------- skill_fishing_base_level
INSERT INTO `skill_fishing_base_level` (`entry`,`skill`) VALUES
(4710,480),
(4656,430),
(4987,480),
(4100,450);

-- ---------------------------------------------------------------- spell_bonus_data
INSERT INTO `spell_bonus_data` (`entry`,`direct_bonus`,`dot_bonus`,`ap_bonus`,`ap_dot_bonus`,`comments`) VALUES
(48982,0,0,0,0,'Death Knight - Rune Tap'),
(59754,0,0,0,0,'Death Knight - Glyph of Rune Tap (Triggered)'),
(339,-1,0.1,-1,-1,'Druid - Entangling Roots'),
(5185,1.611,-1,-1,-1,'Druid - Healing Touch'),
(33778,0,0,0,0,'Druid - Lifebloom final heal'),
(56641,0,0,0.1,0,'Hunter - Steady Shot'),
(774,-1,0.37604,-1,-1,'Druid - Rejuvenation'),
(69730,-1,0,-1,-1,'Item - Onyxia 25 Caster Trinket - Searing Flames'),
(69729,-1,0,-1,-1,'Item - Onyxia 10 Caster Trinket - Searing Flames'),
(2912,1,-1,-1,-1,'Druid - Starfire'),
(779,0,0,0.063,-1,'Druid - Swipe (Bear)'),
(61391,0.193,-1,-1,-1,'Druid - Typhoon'),
(136,0,0,0,0,'Hunter - Mend Pet'),
(63468,0,0,0,0,'Hunter - Piercing Shots'),
(55039,0,0,0,0,'Item - Gnomish Lightning Generator'),
(30451,0.7143,-1,-1,-1,'Mage - Arcane Blast'),
(1449,0.2128,-1,-1,-1,'Mage - Arcane Explosion'),
(44457,0,0.2,0,0,'Mage - Living Bomb ($SP*0.8 / number of ticks)'),
(11113,0.1936,-1,-1,-1,'Mage - Blast Wave'),
(120,0.214,-1,-1,-1,'Mage - Cone of Cold'),
(31661,0.1936,-1,-1,-1,'Mage - Dragons Breath'),
(44461,0.4286,0,0,0,'Mage - Living Bomb (Triggered)'),
(2136,0.4286,-1,-1,-1,'Mage - Fire Blast'),
(122,0.193,-1,-1,-1,'Mage - Frost Nova'),
(11426,0.8053,-1,-1,-1,'Mage - Ice Barrier'),
(2948,0.4286,-1,-1,-1,'Mage - Scorch'),
(31935,0.07,-1,0.07,-1,'Paladin - Avenger Shield'),
(26573,-1,0.04,-1,0.04,'Paladin - Consecration'),
(24275,0.15,-1,0.15,-1,'Paladin - Hammer of Wrath'),
(25914,0.81,-1,-1,-1,'Paladin - Holy Shock Triggered Heal Rank 1'),
(25912,0.4286,-1,-1,-1,'Paladin - Holy Shock Triggered Hurt Rank 1'),
(633,0,0,0,0,'Paladin - Lay on Hands'),
(20167,0.15,-1,0.15,-1,'Paladin - Seal of Light Proc'),
(50256,-1,-1,0.08,-1,'Pet Skills - Bear (Swipe)'),
(32546,0.8068,-1,-1,-1,'Priest - Binding Heal'),
(34861,0.402,-1,-1,-1,'Priest - Circle of Healing'),
(19236,0.8068,-1,-1,-1,'Priest - Desperate Prayer'),
(2061,0.8068,-1,-1,-1,'Priest - Flash Heal'),
(2060,1.6135,-1,-1,-1,'Priest - Greater Heal'),
(8092,0.428,-1,-1,-1,'Priest - Mind Blast'),
(7001,0,0.626,0,0,'Priest - Lightwell Renew ($SP*1.878 / number of ticks)'),
(17,0.8068,-1,-1,-1,'Priest - Power Word: Shield'),
(596,0.526,-1,-1,-1,'Priest - Prayer of Healing'),
(33110,0.8068,0,0,0,'Priest - Prayer of Mending Heal Proc'),
(139,-1,0.376,-1,-1,'Priest - Renew'),
(32379,0.4296,-1,-1,-1,'Priest - Shadow Word: Death'),
(589,-1,0.1829,-1,-1,'Priest - Shadow Word: Pain'),
(32645,0,0,0,0,'Rogue - Envenom'),
(2098,0,0,0,0,'Rogue - Eviscerate'),
(1943,0,0,0,0,'Rogue - Rupture'),
(1064,1.34,-1,-1,-1,'Shaman - Chain Heal'),
(421,0.57,-1,-1,-1,'Shaman - Chain Lightning'),
(331,1.6106,-1,-1,-1,'Shaman - Healing Wave'),
(51505,0.571,-1,-1,-1,'Shaman - Lava Burst'),
(8004,0.8082,-1,-1,-1,'Shaman - Lesser Healing Wave'),
(403,0.7143,-1,-1,-1,'Shaman - Lightning Bolt'),
(6789,0.2143,0,0,0,'Spell Power Coeff for Death Coil'),
(689,-1,0.143,-1,-1,'Warlock - Drain Life'),
(29722,0.7139,-1,-1,-1,'Warlock - Incinerate'),
(686,0.8569,-1,-1,-1,'Warlock - Shadow Bolt'),
(17877,0.4293,-1,-1,-1,'Warlock - Shadowburn'),
(30283,0.1932,-1,-1,-1,'Warlock - Shadowfury'),
(6353,1.15,-1,-1,-1,'Warlock - Soul Fire'),
(30108,-1,0.2,-1,-1,'Warlock - Unstable Affliction'),
(57755,-1,-1,0.5,-1,'Warrior - Heroic Throw'),
(61491,-1,-1,0.12,-1,'Warrior - Intercept'),
(6572,-1,-1,0.31,-1,'Warrior - Revenge'),
(64382,-1,-1,0.5,-1,'Warrior - Shattering Throw'),
(6343,-1,-1,0.12,-1,'Warrior - Thunder Clap'),
(12654,0,0,0,0,'Mage - Ignite'),
(51460,0,-1,-1,-1,'Death Knight - Necrosis'),
(45055,0,-1,-1,-1,'Timbal''s Focusing Crystal - Shadow Bolt'),
(60203,0,-1,-1,-1,'Darkmoon Card: Death'),
(60488,0,-1,-1,-1,'Extract of Necromatic Power'),
(45429,0,-1,-1,-1,'Shattered Sun Pendant of Acumen - Arcane Bolt'),
(59638,0.3,-1,0,-1,'Mage - Mirror Image Frostbolt'),
(52752,0,0,0,0,'Ancestral Awakening'),
(55533,0,0,0,0,'Shaman - Glyph of Healing Wave'),
(45284,0.357,-1,-1,-1,'Shaman - LO Lightning Bolt'),
(45297,0.285,-1,-1,-1,'Shaman - LO Chain Lightning'),
(70809,0,0,0,0,'Item - Shaman T10 Restoration 4P Bonus'),
(46579,0,0,0,0,'Deathfrost - Enchantment'),
(70691,0,0,0,0,'Druid - Rejuvenation T10 4P proc'),
(31707,0.8333,0,0,0,'Mage - Water Elemental Waterbolt'),
(67760,0,0,0,0,'Item - Coliseum 25 Heroic Caster Trinket - Pillar of Flame'),
(67714,0,0,0,0,'Item - Coliseum 25 Normal Caster Trinket - Pillar of Flame'),
(27285,0.2129,-1,-1,-1,'Warlock - Seed of Corruption Proc'),
(69733,0,-1,-1,-1,'Item - Onyxia 10 Caster Trinket - Cauterizing Heal'),
(69734,0,-1,-1,-1,'Item - Onyxia 25 Caster Trinket - Cauterizing Heal'),
(64891,-1,0,-1,-1,'Paladin - T8 Holy 2P - Holy Mending'),
(64844,0.564,-1,-1,-1,'Priest - Divine Hymn'),
(13376,0.032,-1,-1,-1,'Greater Fire Elemental - Fire Shield'),
(57984,0.4289,-1,-1,-1,'Greater Fire Elemental - Fire Blast'),
(1079,0,0,-1,-1,'Druid - Rip'),
(22568,0,0,-1,-1,'Druid - Ferocious Bite'),
(53353,0,0,-1,-1,'Hunter - Chimera Shot (Serpent)'),
(44525,0,0,-1,-1,'Enchant Weapon - Icebreaker'),
(18798,0,0,-1,-1,'Item - Freezing Band'),
(16614,0,0,-1,-1,'Item - Storm Gauntlets'),
(7712,0,0,-1,-1,'Item - Fiery Retributer | Blazefury Medallion'),
(13897,0,0,-1,-1,'Enchant Weapon - Fiery Weapon'),
(48503,0,0,0,0,'Druid - Living Seed Heal'),
(31803,0,0.0132,0,0.0252,'Paladin - Holy Vengeance'),
(58621,0,0,0.08,0,'Death Knight - Glyph of Chains of Ice'),
(70890,0,0,0,0,'Death Knight - Scourge Strike (Shadow)'),
(6262,0,0,0,0,'Warlock - HS - Minor Healthstone (with 0/2 Improved Healthstone)'),
(28715,0,0,0,0,'Flamecap Fire'),
(28880,0,0,0,0,'Warrior - Gift of the Naaru'),
(59542,0,0,0,0,'Paladin - Gift of the Naaru'),
(59543,0,0,0,0,'Hunter - Gift of the Naaru'),
(59544,0,0,0,0,'Priest - Gift of the Naaru'),
(59545,0,0,0,0,'Deathknight - Gift of the Naaru'),
(59547,0,0,0,0,'Shaman - Gift of the Naaru'),
(59548,0,0,0,0,'Mage - Gift of the Naaru'),
(71878,0,0,0,0,'Item - Black Bruise: Heroic Necrotic Touch Proc'),
(71879,0,0,0,0,'Item - Black Bruise: Necrotic Touch Proc');

-- ---------------------------------------------------------------- spell_learn_spell
INSERT INTO `spell_learn_spell` (`entry`,`SpellID`,`Active`) VALUES
(11366,44448,0),
(119467,122026,1);

-- ---------------------------------------------------------------- spell_pet_auras

-- ---------------------------------------------------------------- achievement_reward
INSERT INTO `achievement_reward` (`entry`,`gender`,`title_A`,`title_H`,`item`,`sender`,`subject`,`text`) VALUES
(6742,0,308,308,0,0,'',''),
(6374,0,314,314,0,0,'',''),
(8721,0,389,389,0,0,'',''),
(8067,0,342,342,0,0,'',''),
(6734,0,309,309,0,0,'',''),
(6724,0,317,317,0,0,'',''),
(7284,0,311,311,0,0,'',''),
(8360,0,350,350,0,0,'',''),
(7306,0,315,315,0,0,'',''),
(8121,0,341,341,0,0,'',''),
(6607,0,320,320,0,0,'',''),
(7612,0,321,321,0,0,'',''),
(7479,0,318,318,0,0,'',''),
(6926,0,316,316,0,0,'',''),
(8023,0,338,338,0,0,'',''),
(6590,0,310,310,0,0,'',''),
(6850,0,0,0,83770,61962,'Studying the Hozen','Greetings $N.$B$BI understand you have been doing some research into the nature of the hozen. You are very brave to do so - they are an extremely unruly people. Come! Join me at the Seat of Knowledge and we will compare what we have learned.$B$BIncluded should be a map to our location. I look forward to our next meeting.$B$BSincerely,$BLorewalker Cho'),
(7509,0,319,319,0,0,'',''),
(6941,0,0,224,0,0,'',''),
(6942,0,223,0,0,0,'',''),
(8301,0,348,348,0,0,'',''),
(8430,0,374,374,0,0,'',''),
(8431,0,373,373,0,0,'',''),
(8432,0,371,371,0,0,'',''),
(8433,0,367,367,0,0,'',''),
(8434,0,366,366,0,0,'',''),
(8436,0,368,368,0,0,'',''),
(8437,0,369,369,0,0,'',''),
(8438,0,370,370,0,0,'',''),
(8439,0,372,372,0,0,'',''),
(7385,0,0,0,87528,73649,'Honorary Brewmaster Keg','$n,$b$bThanks for all your hard work crafting some of the finest brews we''ve ever had!$b$bAs a token of our appreciation, the other Brewmasters and I have decided to give you this Honorary Brewmaster Keg.$b$bEnjoy!$b$b-Mama Stormstout'),
(7520,0,125,125,43300,3057,'The Loremaster','News of your accomplishments has traveled far. The winds of turmoil howl through our lands. Those who stand to challenge evil are our only hope.$B$BOnly those who listen to the winds understand the debts of our fallen heroes have paid to protect our people. May a hero such as yourself live long to tell the tales of your adventures. For only then will we remember just how much we have to be thankful for.$B$BOur appreciation runes deep, Loremaster.$B$B-Cairne Bloodhoof'),
(8300,0,0,0,94191,64582,'Stunted Direhorn',''),
(8340,0,0,0,98543,67260,'Wraps of the Blood-Soaked Brawler','Let''s take a quick inventory: You''ve defeated a shark, a robotic crocolisk, a pile of ooze, a pair of penguins, and a whole roomful of deadly brawlers from around the world.

Yeah. I''d say you earned a shirt.'),
(8343,0,0,0,98543,67260,'Wraps of the Blood-Soaked Brawler','Let''s take a quick inventory: You''ve defeated a shark, a robotic crocolisk, a pile of ooze, a pair of penguins, and a whole roomful of deadly brawlers from around the world.

Yeah. I''d say you earned a shirt.'),
(8454,0,0,0,0,0,'',''),
(8345,0,0,0,98618,32216,'Hearthsteed','$n,

This fine magical construct arrived
only yesterday, and you were the first
adventurer I thought of.

Enjoy!

Mei Francis
Exotic Mounts
Dalaran'),
(8398,0,0,0,0,0,'',''),
(8399,0,0,0,0,0,'',''),
(8335,0,0,0,93195,67260,'Another Brawler''s Pass','You keep pumping out those wins down here at Brawl''gar!

Here''s another invitation.  Invite some of your friends to come join in the carnage.

Or, you can just sell it to the highest bidder.  That''s what I''d do.

- Boss Bazzelflange'),
(8337,0,0,0,93228,67260,'Another Brawler''s Pass','You keep pumping out those wins down here at Brawl''gar!

Here''s another invitation.  Invite some of your friends to come join in the carnage.

Or, you can just sell it to the highest bidder.  That''s what I''d do.

- Boss Bazzelflange'),
(8643,0,378,378,0,0,'',''),
(8644,0,42,42,0,0,'',''),
(8645,0,43,43,0,0,'',''),
(8649,0,45,45,0,0,'',''),
(8667,0,42,42,0,0,'',''),
(8668,0,43,43,0,0,'',''),
(8670,0,45,45,0,0,'',''),
(8679,0,382,0,0,0,'',''),
(8680,0,0,383,0,0,'',''),
(8293,0,0,0,97558,71965,'Tito''s Basket','Congrats!'),
(8124,0,0,0,0,0,'',''),
(7860,0,0,0,0,0,'',''),
(7862,0,0,0,0,0,'',''),
(7501,0,0,0,89736,71965,'Venus','Congrats!'),
(7500,0,0,0,85578,71965,'Feral Vermling','Congrats!'),
(8641,0,0,0,103533,10540,'Vicious Saddle',''),
(8642,0,0,0,103533,29611,'Vicious Saddle',''),
(8507,0,385,385,0,0,'',''),
(8508,0,386,386,0,0,'',''),
(8509,0,387,387,0,0,'',''),
(2091,0,42,42,0,0,'',''),
(6375,0,0,0,90045,66973,'In Recognition of Your Valiant Deeds','Congratulations,  Conquering the mighty challenges put before you is a laudable achievement, and in recognition of this mighty deed we entrust to you the egg of an Ancestral Phoenix. Visit me in the Vale of Eternal Blossoms and choose your boon companion.'),
(7934,0,0,0,93031,15990,'Mr. Bigglesworth','Congrats!'),
(8397,0,377,365,0,0,'',''),
(8482,0,384,384,0,0,'','');

-- ---------------------------------------------------------------- areatrigger_teleport  (MoP dungeon/raid entrances - requirement columns left open (0))
INSERT INTO `areatrigger_teleport` (`id`,`name`,`required_level`,`required_item`,`required_item2`,`heroic_key`,`heroic_key2`,`required_quest_done`,`required_quest_done_heroic`,`target_map`,`target_position_x`,`target_position_y`,`target_position_z`,`target_orientation`) VALUES
(8134,'Mogushan Palace - Entrance Target',0,0,0,0,0,0,0,994,-3969.67,-2542.71,26.7537,4.71239),
(7705,'Stormstout Brewery - Entrance Target',0,0,0,0,0,0,0,961,-732.115,1266.13,116.108,1.81208),
(7694,'Shado-Pan Monastery - Entrance Target',0,0,0,0,0,0,0,959,3657.29,2551.92,766.966,0.436332),
(7726,'Gate of the Setting Sun - Entrance Target',0,0,0,0,0,0,0,962,722.097,2108.08,402.978,1.59264),
(8315,'Siege of Niuzao Temple - Entrance Target',0,0,0,0,0,0,0,1011,1455.33,5100.01,149.415,0.959931),
(7854,'Temple of the Jade Serpent - Entrance Target',0,0,0,0,0,0,0,960,953.37,-2487.5,180.431,4.36908),
(8135,'Mogushan Palace - Exit Target',0,0,0,0,0,0,0,870,1391.83,437.694,478.941,2.31752),
(7755,'Stormstout Brewery - Exit Target',0,0,0,0,0,0,0,870,-713.356,1263.42,136.223,0.268626),
(7699,'Shado-Pan Monastery - Exit Target',0,0,0,0,0,0,0,870,3631.29,2538.41,769.912,3.61283),
(7725,'Gate of the Setting Sun - Exit Target',0,0,0,0,0,0,0,870,692.365,2080.17,374.694,3.18706),
(8312,'Siege of Niuzao Temple - Exit Target',0,0,0,0,0,0,0,870,1433.27,5085.39,133.807,3.57792),
(7687,'Temple of the Jade Serpent - Exit Target',0,0,0,0,0,0,0,870,957.884,-2474.01,180.505,1.29244),
(7801,'Scarlet Halls - Exit Target',0,0,0,0,0,0,0,0,2869.32,-820.818,160.333,0.349066),
(7802,'Scarlet Monastery - Exit Target',0,0,0,0,0,0,0,0,2915.34,-801.58,160.333,3.49066),
(7539,'Scholomance - Exit Target',0,0,0,0,0,0,0,0,1273.91,-2553.09,90.6353,3.57792),
(7838,'Mogu''shan Vaults (Entrance)',0,0,0,0,0,0,0,1008,3861.55,1045.11,490.17,0),
(7839,'Mogu''shan Vaults (Exit)',0,0,0,0,0,0,0,870,3982.09,1111.19,497.31,0),
(8027,'Terrace of Endless Spring (Entrance)',0,0,0,0,0,0,0,996,-1020.99,-3145.79,28.3346,0),
(8028,'Terrace of Endless Spring (Exit)',0,0,0,0,0,0,0,870,955.523,-55.8068,512.152,0),
(8313,'Heart of Fear (Exit)',0,0,0,0,0,0,0,870,168.066,4053.84,256.013,0),
(8314,'Heart of Fear (Entrance)',0,0,0,0,0,0,0,1009,-2378.92,459.879,422.441,0),
(8881,'Throne Of Thunder - Exit Target',0,0,0,0,0,0,0,1064,7241.18,5038.31,76.22,2.339),
(8882,'Throne Of Thunder - Entrance Target',0,0,0,0,0,0,0,1098,5892.45,6610.35,106.108,4.5203),
(8310,'Gate of the Setting Sun - Exit Target',0,0,0,0,0,0,0,870,692.365,2080.17,374.694,3.18706),
(9244,'Siege of Orgrimmar (Exit)',0,0,0,0,0,0,0,870,1238.59,605.595,317.472,0),
(9245,'Siege of Orgrimmar (Entrance)',0,0,0,0,0,0,0,1136,1440.89,263.047,283.558,1.63);

-- ---------------------------------------------------------------- battleground_template
INSERT INTO `battleground_template` (`id`,`MinPlayersPerTeam`,`MaxPlayersPerTeam`,`AllianceStartLoc`,`AllianceStartO`,`HordeStartLoc`,`HordeStartO`,`StartMaxDist`,`Comment`) VALUES
(708,5,10,4062,0,4061,0,20,'SilverShard Mines'),
(699,5,10,4059,0,4060,0,0,'Kotmogu''s temple'),
(719,0,5,4136,0,4137,0,0,'Tol''vir Arena'),
(754,8,15,4487,0,4486,0,0,'Deepwind Gorge'),
(757,0,5,4535,0,4534,0,0,'The Tiger''s Peak Arena');

-- ---------------------------------------------------------------- instance_encounters

-- ---------------------------------------------------------------- instance_template  (levelMin/levelMax left 0 (no gate) - script/allowMount not portable)
INSERT INTO `instance_template` (`map`,`parent`,`levelMin`,`levelMax`) VALUES
(1004,0,0,0),
(1001,0,0,0),
(628,0,0,0),
(961,870,0,0),
(994,870,0,0),
(959,870,0,0),
(962,870,0,0),
(1011,870,0,0),
(960,870,0,0),
(1007,0,0,0),
(996,0,0,0),
(1008,870,0,0),
(1009,0,0,0),
(1098,1064,0,0),
(1136,870,0,0);

-- ---------------------------------------------------------------- npc_spellclick_spells  (vehicle/interaction clicks - quest gating columns left open)
INSERT INTO `npc_spellclick_spells` (`npc_entry`,`spell_id`,`quest_start`,`quest_start_active`,`quest_end`,`cast_flags`,`condition_id`) VALUES
(28389,51593,0,0,0,3,0),
(28782,52280,0,0,0,1,0),
(31862,61466,0,0,0,1,0),
(31861,61466,0,0,0,1,0),
(29912,55479,0,0,0,3,0),
(31897,60123,0,0,0,2,0),
(31896,60123,0,0,0,2,0),
(31895,60123,0,0,0,2,0),
(31894,60123,0,0,0,2,0),
(31893,60123,0,0,0,2,0),
(31883,60123,0,0,0,2,0),
(33143,62399,0,0,0,0,0),
(28162,61286,0,0,0,2,0),
(28162,39996,0,0,0,1,0),
(26200,61286,0,0,0,2,0),
(26200,39996,0,0,0,1,0),
(28203,50919,0,0,0,2,0),
(33870,63663,0,0,0,1,0),
(27661,48365,0,0,0,1,0),
(40471,46598,0,0,0,0,0),
(36558,67830,0,0,0,1,0),
(35644,67830,0,0,0,1,0),
(40725,75953,0,0,0,1,0),
(32286,61666,0,0,0,1,0),
(29929,58961,0,0,0,1,0),
(29602,54908,0,0,0,1,0),
(29709,55029,0,0,0,1,0),
(28851,52600,0,0,0,1,0),
(34120,55089,0,0,0,1,0),
(30403,56699,0,0,0,1,0),
(26813,47424,0,0,0,1,0),
(27496,48881,0,0,0,1,0),
(27996,50343,0,0,0,1,0),
(30066,57053,0,0,0,1,0),
(27894,60682,0,0,0,1,0),
(28781,60683,0,0,0,1,0),
(30234,61421,0,0,0,0,0),
(27924,50007,0,0,0,1,0),
(28061,50557,0,0,0,1,0),
(28192,50860,0,0,0,1,0),
(28669,46598,0,0,0,0,0),
(28670,53173,0,0,0,1,0),
(28817,52462,0,0,0,1,0),
(28864,52589,0,0,0,1,0),
(29460,54513,0,0,0,1,0),
(29679,54952,0,0,0,1,0),
(29918,54301,0,0,0,1,0),
(30468,56795,0,0,0,1,0),
(30470,56839,0,0,0,1,0),
(30585,57418,0,0,0,1,0),
(30645,57612,0,0,0,1,0),
(32796,60683,0,0,0,1,0),
(32795,60682,0,0,0,1,0),
(31748,56378,0,0,0,1,0),
(33519,63163,0,0,0,1,0),
(30021,55785,0,0,0,3,0),
(30021,46598,0,0,0,1,0),
(39714,74205,0,0,0,1,0),
(33357,75648,0,0,0,1,0),
(32629,46598,0,0,0,1,0),
(28366,60962,0,0,0,1,0),
(28312,46598,0,0,0,1,0),
(28319,46598,0,0,0,1,0),
(28614,46598,0,0,0,1,0),
(29555,47020,0,0,0,1,0),
(29433,47020,0,0,0,1,0),
(25460,46598,0,0,0,1,0),
(29625,46598,0,0,0,1,0),
(30330,46598,0,0,0,1,0),
(32189,46598,0,0,0,1,0),
(33687,46598,0,0,0,1,0),
(33778,43671,0,0,0,1,0),
(30895,46598,0,0,0,1,0),
(30337,43671,0,0,0,1,0),
(30852,57897,0,0,0,2,0),
(31157,46598,0,0,0,1,0),
(32930,65343,0,0,0,0,0),
(25765,43671,0,0,0,1,0),
(26572,46598,0,0,0,1,0),
(27761,43671,0,0,0,1,0),
(28054,50556,0,0,0,1,0),
(29500,46598,0,0,0,1,0),
(30013,43671,0,0,0,1,0),
(30174,46598,0,0,0,1,0),
(34944,68458,0,0,0,1,0),
(28222,52082,0,0,0,1,0),
(24750,46598,0,0,0,1,0),
(27241,46598,0,0,0,1,0),
(28018,46598,0,0,0,1,0),
(29351,46598,0,0,0,1,0),
(29358,46598,0,0,0,1,0),
(29698,46598,0,0,0,1,0),
(29931,46598,0,0,0,1,0),
(30204,46598,0,0,0,1,0),
(30248,61421,0,0,0,0,0),
(36794,46598,0,0,0,1,0),
(36891,46598,0,0,0,1,0),
(36896,46598,0,0,0,1,0),
(38500,46598,0,0,0,1,0),
(24418,46598,0,0,0,1,0),
(33113,46598,0,0,0,1,0),
(36678,46598,0,0,0,1,0),
(33214,46598,0,0,0,1,0),
(35637,46598,0,0,0,1,0),
(35633,46598,0,0,0,1,0),
(35768,46598,0,0,0,1,0),
(34658,46598,0,0,0,1,0),
(35636,46598,0,0,0,1,0),
(35638,46598,0,0,0,1,0),
(35635,46598,0,0,0,1,0),
(35640,46598,0,0,0,1,0),
(35641,46598,0,0,0,1,0),
(35634,46598,0,0,0,1,0),
(33669,46598,0,0,0,1,0),
(36476,46598,0,0,0,1,0),
(36661,46598,0,0,0,1,0),
(33782,63151,0,0,0,1,0),
(33318,63151,0,0,0,1,0),
(33323,63151,0,0,0,1,0),
(33322,63151,0,0,0,1,0),
(33317,63151,0,0,0,1,0),
(33319,63151,0,0,0,1,0),
(33316,63151,0,0,0,1,0),
(33321,63151,0,0,0,1,0),
(33324,63151,0,0,0,1,0),
(33320,63151,0,0,0,1,0),
(33845,63151,0,0,0,1,0),
(33844,63151,0,0,0,1,0),
(33217,63151,0,0,0,1,0),
(40081,46598,0,0,0,0,0),
(40470,46598,0,0,0,0,0),
(40176,74905,0,0,0,3,0),
(40305,46598,0,0,0,1,0),
(25596,45875,0,0,0,0,0),
(28379,51658,0,0,0,0,0),
(38248,71462,0,0,0,1,0),
(38186,70766,0,0,0,3,0),
(38429,70766,0,0,0,3,0),
(33293,63852,0,0,0,1,0),
(29838,46598,0,0,0,1,0),
(33114,46598,0,0,0,1,0),
(34161,46598,0,0,0,1,0),
(25762,43671,0,0,0,1,0),
(27131,48754,0,0,0,1,0),
(31110,46598,0,0,0,1,0),
(31137,46598,0,0,0,1,0),
(31262,46598,0,0,0,1,0),
(31406,46598,0,0,0,1,0),
(31407,46598,0,0,0,1,0),
(31408,46598,0,0,0,1,0),
(31409,46598,0,0,0,1,0),
(32490,46598,0,0,0,1,0),
(31583,59319,0,0,0,1,0),
(31830,46598,0,0,0,1,0),
(31881,46598,0,0,0,1,0),
(31884,46598,0,0,0,1,0),
(32225,46598,0,0,0,1,0),
(32227,46598,0,0,0,1,0),
(32292,46598,0,0,0,1,0),
(32344,46598,0,0,0,1,0),
(37968,46598,0,0,0,1,0),
(35273,68503,0,0,0,1,0),
(34929,43671,0,0,0,1,0),
(36356,66245,0,0,0,1,0),
(30935,46598,0,0,0,1,0),
(34162,46598,0,0,0,1,0),
(35299,46598,0,0,0,1,0),
(34802,68503,0,0,0,1,0),
(34775,66245,0,0,0,1,0),
(34935,43671,0,0,0,1,0),
(34793,66245,0,0,0,1,0),
(36355,46598,0,0,0,1,0),
(35069,46598,0,0,0,1,0),
(34776,46598,0,0,0,1,0),
(29403,49641,0,0,0,1,0),
(31785,59656,0,0,0,1,0),
(31770,59654,0,0,0,1,0),
(31736,59592,0,0,0,1,0),
(31784,59593,0,0,0,1,0),
(34111,46598,0,0,0,1,0),
(33139,46598,0,0,0,1,0),
(27593,49177,0,0,0,1,0),
(30560,57347,0,0,0,1,0),
(34819,65403,0,0,0,1,0),
(34824,65403,0,0,0,1,0),
(34823,65403,0,0,0,1,0),
(34812,65403,0,0,0,1,0),
(34822,65403,0,0,0,1,0),
(32823,46598,0,0,0,1,0),
(32830,46598,0,0,0,1,0),
(32840,46598,0,0,0,1,0),
(30564,57401,0,0,0,1,0),
(30850,57897,0,0,0,2,0),
(31269,46598,0,0,0,1,0),
(29856,55363,0,0,0,2,0),
(29414,18277,0,0,0,1,0),
(26477,61286,0,0,0,2,0),
(26477,47096,0,0,0,2,0),
(30841,57897,0,0,0,2,0),
(40472,46598,0,0,0,0,0),
(29005,60944,0,0,0,1,0),
(32535,61245,0,0,0,1,0),
(34072,63989,0,0,0,2,0),
(34072,63997,0,0,0,2,0),
(34072,63998,0,0,0,2,0),
(29863,46598,0,0,0,0,0),
(29736,43671,0,0,0,1,0),
(64710,46598,0,0,0,1,0),
(57778,46598,0,0,0,1,0),
(65334,46598,0,0,0,1,0),
(64600,46598,0,0,0,1,0),
(64507,46598,0,0,0,1,0),
(63808,46598,0,0,0,1,0),
(60848,46598,0,0,0,1,0),
(59819,46598,0,0,0,1,0),
(58794,46598,0,0,0,1,0),
(57626,46598,0,0,0,1,0),
(54993,102717,0,0,0,0,0),
(63255,46598,0,0,0,1,0),
(63254,46598,0,0,0,1,0),
(63253,46598,0,0,0,1,0),
(66129,46598,0,0,0,1,0),
(55918,46598,0,0,0,1,0),
(57710,46598,0,0,0,1,0),
(60877,46598,0,0,0,1,0),
(63355,46598,0,0,0,1,0),
(61810,46598,0,0,0,1,0),
(61806,46598,0,0,0,1,0),
(66191,46598,0,0,0,1,0),
(66197,46598,0,0,0,1,0),
(64539,46598,0,0,0,1,0),
(57882,46598,0,0,0,1,0),
(57443,46598,0,0,0,1,0),
(57379,46598,0,0,0,1,0),
(57328,46598,0,0,0,1,0),
(57289,46598,0,0,0,1,0),
(57288,46598,0,0,0,1,0),
(56131,46598,0,0,0,1,0),
(56130,46598,0,0,0,1,0),
(56129,46598,0,0,0,1,0),
(55549,46598,0,0,0,1,0),
(54367,46598,0,0,0,1,0),
(54247,46598,0,0,0,1,0),
(53887,46598,0,0,0,1,0),
(53275,46598,0,0,0,1,0),
(53131,46598,0,0,0,1,0),
(53089,46598,0,0,0,1,0),
(52890,46598,0,0,0,1,0),
(52889,46598,0,0,0,1,0),
(52888,46598,0,0,0,1,0),
(52886,46598,0,0,0,1,0),
(52885,46598,0,0,0,1,0),
(52884,46598,0,0,0,1,0),
(51551,46598,0,0,0,1,0),
(51340,46598,0,0,0,1,0),
(50643,46598,0,0,0,1,0),
(55715,46598,0,0,0,1,0),
(49208,46598,0,0,0,1,0),
(48342,46598,0,0,0,1,0),
(47822,46598,0,0,0,1,0),
(47821,46598,0,0,0,1,0),
(47814,46598,0,0,0,1,0),
(47404,46598,0,0,0,1,0),
(47403,46598,0,0,0,1,0),
(47066,46598,0,0,0,1,0),
(46411,46598,0,0,0,1,0),
(46165,46598,0,0,0,1,0),
(46085,46598,0,0,0,1,0),
(45455,46598,0,0,0,1,0),
(44776,46598,0,0,0,1,0),
(44731,46598,0,0,0,1,0),
(44579,46598,0,0,0,1,0),
(42954,46598,0,0,0,1,0),
(42947,46598,0,0,0,1,0),
(42801,46598,0,0,0,1,0),
(42603,46598,0,0,0,1,0),
(42571,46598,0,0,0,1,0),
(42175,46598,0,0,0,1,0),
(41848,46598,0,0,0,1,0),
(41789,46598,0,0,0,1,0),
(41620,46598,0,0,0,1,0),
(40250,46598,0,0,0,1,0),
(39619,46598,0,0,0,1,0),
(37807,46598,0,0,0,1,0),
(36283,46598,0,0,0,1,0),
(34777,46598,0,0,0,1,0),
(34778,46598,0,0,0,1,0),
(58562,46598,0,0,0,1,0),
(50638,46598,0,0,0,1,0),
(52887,46598,0,0,0,1,0),
(66186,46598,0,0,0,1,0),
(59591,46598,0,0,0,1,0),
(66904,46598,0,0,0,1,0),
(54635,46598,0,0,0,1,0),
(50635,46598,0,0,0,1,0),
(56097,46598,0,0,0,1,0),
(61817,46598,0,0,0,1,0),
(64529,46598,0,0,0,1,0),
(38377,46598,0,0,0,1,0),
(57377,46598,0,0,0,1,0);
INSERT INTO `npc_spellclick_spells` (`npc_entry`,`spell_id`,`quest_start`,`quest_start_active`,`quest_end`,`cast_flags`,`condition_id`) VALUES
(50409,46598,0,0,0,1,0),
(48341,46598,0,0,0,1,0),
(47820,46598,0,0,0,1,0),
(60770,46598,0,0,0,1,0),
(48343,46598,0,0,0,1,0),
(65227,46598,0,0,0,1,0),
(53088,46598,0,0,0,1,0),
(57378,46598,0,0,0,1,0),
(61808,46598,0,0,0,1,0),
(42956,46598,0,0,0,1,0),
(57741,46598,0,0,0,1,0),
(57287,46598,0,0,0,1,0),
(64624,46598,0,0,0,1,0),
(65230,46598,0,0,0,1,0),
(63787,46598,0,0,0,1,0),
(60415,46598,0,0,0,1,0),
(38424,46598,0,0,0,1,0),
(51157,46598,0,0,0,1,0),
(42949,46598,0,0,0,1,0),
(42951,46598,0,0,0,1,0),
(41327,46598,0,0,0,1,0),
(14864,46598,0,0,0,1,0),
(41445,46598,0,0,0,1,0),
(50636,46598,0,0,0,1,0),
(36838,46598,0,0,0,1,0),
(52585,46598,0,0,0,1,0),
(42608,46598,0,0,0,1,0),
(42958,46598,0,0,0,1,0),
(41776,46598,0,0,0,1,0),
(48266,46598,0,0,0,1,0),
(48092,46598,0,0,0,1,0),
(65228,46598,0,0,0,1,0),
(65565,46598,0,0,0,1,0),
(63363,46598,0,0,0,1,0),
(41570,46598,0,0,0,1,0),
(59497,46598,0,0,0,1,0),
(44764,46598,0,0,0,1,0),
(42960,46598,0,0,0,1,0),
(57431,130074,0,0,0,1,0),
(24992,45008,0,0,0,0,0),
(25334,46598,0,0,0,1,0),
(25968,46598,0,0,0,1,0),
(27061,47920,0,0,0,1,0),
(27213,43671,0,0,0,0,0),
(27354,43671,0,0,0,1,0),
(27409,48678,0,0,0,1,0),
(27587,46598,0,0,0,1,0),
(27923,46598,0,0,0,1,0),
(28468,46598,0,0,0,1,0),
(29857,55460,0,0,0,3,0),
(30108,46598,0,0,0,1,0),
(30134,43671,0,0,0,1,0),
(30134,56603,0,0,0,1,0),
(30272,57401,0,0,0,1,0),
(30388,46598,0,0,0,1,0),
(30393,46598,0,0,0,1,0),
(31050,46598,0,0,0,1,0),
(31432,59091,0,0,0,1,0),
(31840,46598,0,0,0,1,0),
(31856,46598,0,0,0,1,0),
(32152,46598,0,0,0,1,0),
(32513,46598,0,0,0,1,0),
(33432,46598,0,0,0,1,0),
(33651,46598,0,0,0,1,0),
(34146,43671,0,0,0,1,0),
(34150,43671,0,0,0,1,0),
(34151,43671,0,0,0,1,0),
(34282,46598,0,0,0,0,0),
(34796,46598,0,0,0,0,0),
(35111,66778,0,0,0,1,0),
(35317,43671,0,0,0,1,0),
(35410,43671,0,0,0,1,0),
(35413,66245,0,0,0,1,0),
(35415,66245,0,0,0,1,0),
(35417,66245,0,0,0,1,0),
(35419,68503,0,0,0,1,0),
(35421,68503,0,0,0,1,0),
(35427,43671,0,0,0,1,0),
(35429,68458,0,0,0,1,0),
(35431,66245,0,0,0,1,0),
(35433,66245,0,0,0,1,0),
(35436,66245,0,0,0,1,0),
(35491,46598,0,0,0,0,0),
(36059,68293,0,0,0,1,0),
(36357,66245,0,0,0,1,0),
(36358,66245,0,0,0,1,0),
(36437,68726,0,0,0,1,0),
(36459,68743,0,0,0,1,0),
(36540,94654,0,0,0,1,0),
(36812,69342,0,0,0,1,0),
(36839,70510,0,0,0,1,0),
(36917,81432,0,0,0,1,0),
(36972,46598,0,0,0,0,0),
(37139,46598,0,0,0,1,0),
(37198,70036,0,0,0,0,0),
(37227,70104,0,0,0,3,0),
(37966,69342,0,0,0,1,0),
(37980,69342,0,0,0,1,0),
(38150,71238,0,0,0,1,0),
(38755,72767,0,0,0,1,0),
(38936,46598,0,0,0,0,0),
(39294,80343,0,0,0,1,0),
(40825,69063,0,0,0,1,0),
(42204,46598,0,0,0,0,0),
(42205,63313,0,0,0,0,0),
(42246,63313,0,0,0,0,0),
(42247,63313,0,0,0,0,0),
(42255,46598,0,0,0,0,0),
(42268,46598,0,0,0,0,0),
(42314,46598,0,0,0,0,0),
(42399,46598,0,0,0,0,0),
(42400,46598,0,0,0,0,0),
(42548,79276,0,0,0,1,0),
(42576,46598,0,0,0,0,0),
(42646,80017,0,0,0,1,0),
(42671,79568,0,0,0,1,0),
(42673,79545,0,0,0,1,0),
(42716,80690,0,0,0,1,0),
(42839,46598,0,0,0,0,0),
(43044,80436,0,0,0,1,0),
(43046,80436,0,0,0,1,0),
(43115,56685,0,0,0,1,0),
(43182,84178,0,0,0,1,0),
(43195,46598,0,0,0,0,0),
(43209,46598,0,0,0,0,0),
(43259,46598,0,0,0,0,0),
(43747,81877,0,0,0,1,0),
(43952,82261,0,0,0,1,0),
(58767,111626,0,0,0,3,0),
(44427,56685,0,0,0,1,0),
(44429,56685,0,0,0,1,0),
(44928,72767,0,0,0,1,0),
(45005,84071,0,0,0,1,0),
(45191,84499,0,0,0,1,0),
(45344,84754,0,0,0,1,0),
(46185,125095,0,0,0,1,0),
(46208,46598,0,0,0,0,0),
(46449,46598,0,0,0,0,0),
(47297,46598,0,0,0,1,0),
(48338,46598,0,0,0,1,0),
(48351,46598,0,0,0,1,0),
(48457,90102,0,0,0,1,0),
(48520,90287,0,0,0,1,0),
(48639,90644,0,0,0,1,0),
(48719,46598,0,0,0,1,0),
(48803,46598,0,0,0,1,0),
(48804,46598,0,0,0,1,0),
(48820,46598,0,0,0,1,0),
(48821,46598,0,0,0,1,0),
(48913,46598,0,0,0,1,0),
(48939,46598,0,0,0,1,0),
(49072,69063,0,0,0,1,0),
(49520,46598,0,0,0,1,0),
(51033,46598,0,0,0,0,0),
(51391,95284,0,0,0,3,0),
(51395,95285,0,0,0,3,0),
(51396,95284,0,0,0,3,0),
(51397,95285,0,0,0,3,0),
(52358,46598,0,0,0,0,0),
(52359,46598,0,0,0,0,0),
(52363,46598,0,0,0,1,0),
(52809,46598,0,0,0,0,0),
(52812,46598,0,0,0,0,0),
(53517,99325,0,0,0,1,0),
(53526,99356,0,0,0,1,0),
(53561,99471,0,0,0,1,0),
(53561,99473,0,0,0,2,0),
(54348,90102,0,0,0,1,0),
(55967,46598,0,0,0,1,0),
(62809,122729,0,0,0,1,0),
(57445,125095,0,0,0,0,0),
(65335,125095,0,0,0,0,0),
(56739,46598,0,0,0,0,0),
(55083,102717,0,0,0,0,0),
(34832,46598,0,0,0,1,0);

-- ---------------------------------------------------------------- playercreateinfo  (new race/class start positions (incl. Pandaren/Monk if core supports))
INSERT INTO `playercreateinfo` (`race`,`class`,`map`,`zone`,`position_x`,`position_y`,`position_z`,`orientation`,`phaseMap`) VALUES
(1,10,0,9,-8914.57,-133.909,80.5378,5.13806,0),
(2,10,1,14,-618.518,-4251.67,38.718,4.72222,0),
(3,10,0,1,-6240.32,331.033,382.758,6.17716,0),
(4,10,1,141,10311.3,832.463,1326.41,5.69632,0),
(5,10,0,5692,1699.85,1706.56,135.928,4.88839,0),
(6,10,1,221,-2915.55,-257.347,59.2693,0.302378,0),
(7,10,0,5495,-4983.42,877.7,274.31,3.06393,0),
(8,10,1,5691,-1171.45,-5263.65,0.847728,5.78945,0),
(10,10,530,3431,10349.6,-6357.29,33.4026,5.31605,0),
(11,10,530,3526,-3961.64,-13931.2,100.615,2.08364,0),
(26,1,1,14,1357.62,-4373.55,26.13,0.13,0),
(26,3,1,14,1357.62,-4373.55,26.13,0.13,0),
(26,4,1,14,1357.62,-4373.55,26.13,0.13,0),
(26,5,1,14,1357.62,-4373.55,26.13,0.13,0),
(26,7,1,14,1357.62,-4373.55,26.13,0.13,0),
(26,8,1,14,1357.62,-4373.55,26.13,0.13,0),
(26,10,1,14,1357.62,-4373.55,26.13,0.13,0),
(25,1,0,1519,-8960.02,516.1,96.36,0.67,0),
(25,3,0,1519,-8960.02,516.1,96.36,0.67,0),
(25,4,0,1519,-8960.02,516.1,96.36,0.67,0),
(25,5,0,1519,-8960.02,516.1,96.36,0.67,0),
(25,7,0,1519,-8960.02,516.1,96.36,0.67,0),
(25,8,0,1519,-8960.02,516.1,96.36,0.67,0),
(25,10,0,1519,-8960.02,516.1,96.36,0.67,0);

-- ---------------------------------------------------------------- playercreateinfo_spell  (racemask/classmask expanded to explicit race/class pairs)
INSERT INTO `playercreateinfo_spell` (`race`,`class`,`Spell`,`Note`) VALUES
(25,1,202,'Two-Handed Swords'),
(25,3,202,'Two-Handed Swords'),
(26,1,202,'Two-Handed Swords'),
(26,3,202,'Two-Handed Swords'),
(1,10,196,'One-Handed Axes'),
(2,10,196,'One-Handed Axes'),
(3,10,196,'One-Handed Axes'),
(4,10,196,'One-Handed Axes'),
(5,10,196,'One-Handed Axes'),
(6,10,196,'One-Handed Axes'),
(7,10,196,'One-Handed Axes'),
(8,10,196,'One-Handed Axes'),
(10,10,196,'One-Handed Axes'),
(11,10,196,'One-Handed Axes'),
(25,1,196,'One-Handed Axes'),
(25,3,196,'One-Handed Axes'),
(25,4,196,'One-Handed Axes'),
(25,7,196,'One-Handed Axes'),
(25,10,196,'One-Handed Axes'),
(26,1,196,'One-Handed Axes'),
(26,3,196,'One-Handed Axes'),
(26,4,196,'One-Handed Axes'),
(26,7,196,'One-Handed Axes'),
(26,10,196,'One-Handed Axes'),
(25,1,2457,'Battle Stance'),
(26,1,2457,'Battle Stance'),
(25,1,88161,'Strike'),
(26,1,88161,'Strike'),
(25,1,5011,'Crossbows'),
(25,3,5011,'Crossbows'),
(25,4,5011,'Crossbows'),
(26,1,5011,'Crossbows'),
(26,3,5011,'Crossbows'),
(26,4,5011,'Crossbows'),
(25,1,3018,'Shoot'),
(25,4,3018,'Shoot'),
(26,1,3018,'Shoot'),
(26,4,3018,'Shoot'),
(25,1,197,'Two-Handed Axes'),
(25,3,197,'Two-Handed Axes'),
(25,7,197,'Two-Handed Axes'),
(26,1,197,'Two-Handed Axes'),
(26,3,197,'Two-Handed Axes'),
(26,7,197,'Two-Handed Axes'),
(25,1,1180,'Daggers'),
(25,3,1180,'Daggers'),
(25,4,1180,'Daggers'),
(25,5,1180,'Daggers'),
(25,7,1180,'Daggers'),
(25,8,1180,'Daggers'),
(26,1,1180,'Daggers'),
(26,3,1180,'Daggers'),
(26,4,1180,'Daggers'),
(26,5,1180,'Daggers'),
(26,7,1180,'Daggers'),
(26,8,1180,'Daggers'),
(1,10,45927,'Summon Friend'),
(2,10,45927,'Summon Friend'),
(3,10,45927,'Summon Friend'),
(4,10,45927,'Summon Friend'),
(5,10,45927,'Summon Friend'),
(6,10,45927,'Summon Friend'),
(7,10,45927,'Summon Friend'),
(8,10,45927,'Summon Friend'),
(10,10,45927,'Summon Friend'),
(11,10,45927,'Summon Friend'),
(25,1,45927,'Summon Friend'),
(25,3,45927,'Summon Friend'),
(25,4,45927,'Summon Friend'),
(25,5,45927,'Summon Friend'),
(25,7,45927,'Summon Friend'),
(25,8,45927,'Summon Friend'),
(25,10,45927,'Summon Friend'),
(26,1,45927,'Summon Friend'),
(26,3,45927,'Summon Friend'),
(26,4,45927,'Summon Friend'),
(26,5,45927,'Summon Friend'),
(26,7,45927,'Summon Friend'),
(26,8,45927,'Summon Friend'),
(26,10,45927,'Summon Friend'),
(1,10,6478,'Opening'),
(2,10,6478,'Opening'),
(3,10,6478,'Opening'),
(4,10,6478,'Opening'),
(5,10,6478,'Opening'),
(6,10,6478,'Opening'),
(7,10,6478,'Opening'),
(8,10,6478,'Opening'),
(10,10,6478,'Opening'),
(11,10,6478,'Opening'),
(25,1,6478,'Opening'),
(25,3,6478,'Opening'),
(25,4,6478,'Opening'),
(25,5,6478,'Opening'),
(25,7,6478,'Opening'),
(25,8,6478,'Opening'),
(25,10,6478,'Opening'),
(26,1,6478,'Opening'),
(26,3,6478,'Opening'),
(26,4,6478,'Opening'),
(26,5,6478,'Opening'),
(26,7,6478,'Opening'),
(26,8,6478,'Opening'),
(26,10,6478,'Opening'),
(1,10,6603,'Auto Attack'),
(2,10,6603,'Auto Attack'),
(3,10,6603,'Auto Attack'),
(4,10,6603,'Auto Attack'),
(5,10,6603,'Auto Attack'),
(6,10,6603,'Auto Attack'),
(7,10,6603,'Auto Attack'),
(8,10,6603,'Auto Attack'),
(10,10,6603,'Auto Attack'),
(11,10,6603,'Auto Attack'),
(25,1,6603,'Auto Attack'),
(25,3,6603,'Auto Attack'),
(25,4,6603,'Auto Attack'),
(25,5,6603,'Auto Attack'),
(25,7,6603,'Auto Attack'),
(25,8,6603,'Auto Attack'),
(25,10,6603,'Auto Attack'),
(26,1,6603,'Auto Attack'),
(26,3,6603,'Auto Attack'),
(26,4,6603,'Auto Attack'),
(26,5,6603,'Auto Attack'),
(26,7,6603,'Auto Attack'),
(26,8,6603,'Auto Attack'),
(26,10,6603,'Auto Attack'),
(1,10,22027,'Remove Insignia'),
(2,10,22027,'Remove Insignia'),
(3,10,22027,'Remove Insignia'),
(4,10,22027,'Remove Insignia'),
(5,10,22027,'Remove Insignia'),
(6,10,22027,'Remove Insignia'),
(7,10,22027,'Remove Insignia'),
(8,10,22027,'Remove Insignia'),
(10,10,22027,'Remove Insignia'),
(11,10,22027,'Remove Insignia'),
(25,1,22027,'Remove Insignia'),
(25,3,22027,'Remove Insignia'),
(25,4,22027,'Remove Insignia'),
(25,5,22027,'Remove Insignia'),
(25,7,22027,'Remove Insignia'),
(25,8,22027,'Remove Insignia'),
(25,10,22027,'Remove Insignia'),
(26,1,22027,'Remove Insignia'),
(26,3,22027,'Remove Insignia'),
(26,4,22027,'Remove Insignia'),
(26,5,22027,'Remove Insignia'),
(26,7,22027,'Remove Insignia'),
(26,8,22027,'Remove Insignia'),
(26,10,22027,'Remove Insignia'),
(1,10,22810,'Opening - No Text'),
(2,10,22810,'Opening - No Text'),
(3,10,22810,'Opening - No Text'),
(4,10,22810,'Opening - No Text'),
(5,10,22810,'Opening - No Text'),
(6,10,22810,'Opening - No Text'),
(7,10,22810,'Opening - No Text'),
(8,10,22810,'Opening - No Text'),
(10,10,22810,'Opening - No Text'),
(11,10,22810,'Opening - No Text'),
(25,1,22810,'Opening - No Text'),
(25,3,22810,'Opening - No Text'),
(25,4,22810,'Opening - No Text'),
(25,5,22810,'Opening - No Text'),
(25,7,22810,'Opening - No Text'),
(25,8,22810,'Opening - No Text'),
(25,10,22810,'Opening - No Text'),
(26,1,22810,'Opening - No Text'),
(26,3,22810,'Opening - No Text'),
(26,4,22810,'Opening - No Text'),
(26,5,22810,'Opening - No Text'),
(26,7,22810,'Opening - No Text'),
(26,8,22810,'Opening - No Text'),
(26,10,22810,'Opening - No Text'),
(1,10,21651,'Opening'),
(2,10,21651,'Opening'),
(3,10,21651,'Opening'),
(4,10,21651,'Opening'),
(5,10,21651,'Opening'),
(6,10,21651,'Opening'),
(7,10,21651,'Opening'),
(8,10,21651,'Opening'),
(10,10,21651,'Opening'),
(11,10,21651,'Opening'),
(25,1,21651,'Opening'),
(25,3,21651,'Opening'),
(25,4,21651,'Opening'),
(25,5,21651,'Opening'),
(25,7,21651,'Opening'),
(25,8,21651,'Opening'),
(25,10,21651,'Opening'),
(26,1,21651,'Opening'),
(26,3,21651,'Opening'),
(26,4,21651,'Opening'),
(26,5,21651,'Opening'),
(26,7,21651,'Opening'),
(26,8,21651,'Opening'),
(26,10,21651,'Opening'),
(1,10,21652,'Closing'),
(2,10,21652,'Closing'),
(3,10,21652,'Closing'),
(4,10,21652,'Closing'),
(5,10,21652,'Closing'),
(6,10,21652,'Closing'),
(7,10,21652,'Closing'),
(8,10,21652,'Closing'),
(10,10,21652,'Closing'),
(11,10,21652,'Closing'),
(25,1,21652,'Closing'),
(25,3,21652,'Closing'),
(25,4,21652,'Closing'),
(25,5,21652,'Closing'),
(25,7,21652,'Closing'),
(25,8,21652,'Closing'),
(25,10,21652,'Closing'),
(26,1,21652,'Closing'),
(26,3,21652,'Closing'),
(26,4,21652,'Closing'),
(26,5,21652,'Closing'),
(26,7,21652,'Closing'),
(26,8,21652,'Closing'),
(26,10,21652,'Closing'),
(1,10,2382,'Generic'),
(2,10,2382,'Generic'),
(3,10,2382,'Generic'),
(4,10,2382,'Generic'),
(5,10,2382,'Generic'),
(6,10,2382,'Generic'),
(7,10,2382,'Generic'),
(8,10,2382,'Generic'),
(10,10,2382,'Generic'),
(11,10,2382,'Generic'),
(25,1,2382,'Generic'),
(25,3,2382,'Generic'),
(25,4,2382,'Generic'),
(25,5,2382,'Generic'),
(25,7,2382,'Generic'),
(25,8,2382,'Generic'),
(25,10,2382,'Generic'),
(26,1,2382,'Generic'),
(26,3,2382,'Generic'),
(26,4,2382,'Generic'),
(26,5,2382,'Generic'),
(26,7,2382,'Generic'),
(26,8,2382,'Generic'),
(26,10,2382,'Generic'),
(1,10,3365,'Opening'),
(2,10,3365,'Opening'),
(3,10,3365,'Opening'),
(4,10,3365,'Opening'),
(5,10,3365,'Opening'),
(6,10,3365,'Opening'),
(7,10,3365,'Opening'),
(8,10,3365,'Opening'),
(10,10,3365,'Opening'),
(11,10,3365,'Opening'),
(25,1,3365,'Opening'),
(25,3,3365,'Opening'),
(25,4,3365,'Opening'),
(25,5,3365,'Opening'),
(25,7,3365,'Opening'),
(25,8,3365,'Opening'),
(25,10,3365,'Opening'),
(26,1,3365,'Opening'),
(26,3,3365,'Opening'),
(26,4,3365,'Opening'),
(26,5,3365,'Opening'),
(26,7,3365,'Opening'),
(26,8,3365,'Opening'),
(26,10,3365,'Opening'),
(1,10,3050,'Detect'),
(2,10,3050,'Detect'),
(3,10,3050,'Detect'),
(4,10,3050,'Detect'),
(5,10,3050,'Detect'),
(6,10,3050,'Detect'),
(7,10,3050,'Detect'),
(8,10,3050,'Detect'),
(10,10,3050,'Detect'),
(11,10,3050,'Detect'),
(25,1,3050,'Detect'),
(25,3,3050,'Detect'),
(25,4,3050,'Detect'),
(25,5,3050,'Detect'),
(25,7,3050,'Detect'),
(25,8,3050,'Detect'),
(25,10,3050,'Detect'),
(26,1,3050,'Detect'),
(26,3,3050,'Detect'),
(26,4,3050,'Detect'),
(26,5,3050,'Detect'),
(26,7,3050,'Detect'),
(26,8,3050,'Detect'),
(26,10,3050,'Detect'),
(1,10,9125,'Generic'),
(2,10,9125,'Generic'),
(3,10,9125,'Generic'),
(4,10,9125,'Generic');
INSERT INTO `playercreateinfo_spell` (`race`,`class`,`Spell`,`Note`) VALUES
(5,10,9125,'Generic'),
(6,10,9125,'Generic'),
(7,10,9125,'Generic'),
(8,10,9125,'Generic'),
(10,10,9125,'Generic'),
(11,10,9125,'Generic'),
(25,1,9125,'Generic'),
(25,3,9125,'Generic'),
(25,4,9125,'Generic'),
(25,5,9125,'Generic'),
(25,7,9125,'Generic'),
(25,8,9125,'Generic'),
(25,10,9125,'Generic'),
(26,1,9125,'Generic'),
(26,3,9125,'Generic'),
(26,4,9125,'Generic'),
(26,5,9125,'Generic'),
(26,7,9125,'Generic'),
(26,8,9125,'Generic'),
(26,10,9125,'Generic'),
(1,10,8386,'Attacking'),
(2,10,8386,'Attacking'),
(3,10,8386,'Attacking'),
(4,10,8386,'Attacking'),
(5,10,8386,'Attacking'),
(6,10,8386,'Attacking'),
(7,10,8386,'Attacking'),
(8,10,8386,'Attacking'),
(10,10,8386,'Attacking'),
(11,10,8386,'Attacking'),
(25,1,8386,'Attacking'),
(25,3,8386,'Attacking'),
(25,4,8386,'Attacking'),
(25,5,8386,'Attacking'),
(25,7,8386,'Attacking'),
(25,8,8386,'Attacking'),
(25,10,8386,'Attacking'),
(26,1,8386,'Attacking'),
(26,3,8386,'Attacking'),
(26,4,8386,'Attacking'),
(26,5,8386,'Attacking'),
(26,7,8386,'Attacking'),
(26,8,8386,'Attacking'),
(26,10,8386,'Attacking'),
(1,10,7266,'Duel'),
(2,10,7266,'Duel'),
(3,10,7266,'Duel'),
(4,10,7266,'Duel'),
(5,10,7266,'Duel'),
(6,10,7266,'Duel'),
(7,10,7266,'Duel'),
(8,10,7266,'Duel'),
(10,10,7266,'Duel'),
(11,10,7266,'Duel'),
(25,1,7266,'Duel'),
(25,3,7266,'Duel'),
(25,4,7266,'Duel'),
(25,5,7266,'Duel'),
(25,7,7266,'Duel'),
(25,8,7266,'Duel'),
(25,10,7266,'Duel'),
(26,1,7266,'Duel'),
(26,3,7266,'Duel'),
(26,4,7266,'Duel'),
(26,5,7266,'Duel'),
(26,7,7266,'Duel'),
(26,8,7266,'Duel'),
(26,10,7266,'Duel'),
(1,10,7267,'Grovel'),
(2,10,7267,'Grovel'),
(3,10,7267,'Grovel'),
(4,10,7267,'Grovel'),
(5,10,7267,'Grovel'),
(6,10,7267,'Grovel'),
(7,10,7267,'Grovel'),
(8,10,7267,'Grovel'),
(10,10,7267,'Grovel'),
(11,10,7267,'Grovel'),
(25,1,7267,'Grovel'),
(25,3,7267,'Grovel'),
(25,4,7267,'Grovel'),
(25,5,7267,'Grovel'),
(25,7,7267,'Grovel'),
(25,8,7267,'Grovel'),
(25,10,7267,'Grovel'),
(26,1,7267,'Grovel'),
(26,3,7267,'Grovel'),
(26,4,7267,'Grovel'),
(26,5,7267,'Grovel'),
(26,7,7267,'Grovel'),
(26,8,7267,'Grovel'),
(26,10,7267,'Grovel'),
(1,10,7355,'Stuck'),
(2,10,7355,'Stuck'),
(3,10,7355,'Stuck'),
(4,10,7355,'Stuck'),
(5,10,7355,'Stuck'),
(6,10,7355,'Stuck'),
(7,10,7355,'Stuck'),
(8,10,7355,'Stuck'),
(10,10,7355,'Stuck'),
(11,10,7355,'Stuck'),
(25,1,7355,'Stuck'),
(25,3,7355,'Stuck'),
(25,4,7355,'Stuck'),
(25,5,7355,'Stuck'),
(25,7,7355,'Stuck'),
(25,8,7355,'Stuck'),
(25,10,7355,'Stuck'),
(26,1,7355,'Stuck'),
(26,3,7355,'Stuck'),
(26,4,7355,'Stuck'),
(26,5,7355,'Stuck'),
(26,7,7355,'Stuck'),
(26,8,7355,'Stuck'),
(26,10,7355,'Stuck'),
(1,10,6233,'Closing'),
(2,10,6233,'Closing'),
(3,10,6233,'Closing'),
(4,10,6233,'Closing'),
(5,10,6233,'Closing'),
(6,10,6233,'Closing'),
(7,10,6233,'Closing'),
(8,10,6233,'Closing'),
(10,10,6233,'Closing'),
(11,10,6233,'Closing'),
(25,1,6233,'Closing'),
(25,3,6233,'Closing'),
(25,4,6233,'Closing'),
(25,5,6233,'Closing'),
(25,7,6233,'Closing'),
(25,8,6233,'Closing'),
(25,10,6233,'Closing'),
(26,1,6233,'Closing'),
(26,3,6233,'Closing'),
(26,4,6233,'Closing'),
(26,5,6233,'Closing'),
(26,7,6233,'Closing'),
(26,8,6233,'Closing'),
(26,10,6233,'Closing'),
(1,10,6246,'Closing'),
(2,10,6246,'Closing'),
(3,10,6246,'Closing'),
(4,10,6246,'Closing'),
(5,10,6246,'Closing'),
(6,10,6246,'Closing'),
(7,10,6246,'Closing'),
(8,10,6246,'Closing'),
(10,10,6246,'Closing'),
(11,10,6246,'Closing'),
(25,1,6246,'Closing'),
(25,3,6246,'Closing'),
(25,4,6246,'Closing'),
(25,5,6246,'Closing'),
(25,7,6246,'Closing'),
(25,8,6246,'Closing'),
(25,10,6246,'Closing'),
(26,1,6246,'Closing'),
(26,3,6246,'Closing'),
(26,4,6246,'Closing'),
(26,5,6246,'Closing'),
(26,7,6246,'Closing'),
(26,8,6246,'Closing'),
(26,10,6246,'Closing'),
(1,10,6247,'Opening'),
(2,10,6247,'Opening'),
(3,10,6247,'Opening'),
(4,10,6247,'Opening'),
(5,10,6247,'Opening'),
(6,10,6247,'Opening'),
(7,10,6247,'Opening'),
(8,10,6247,'Opening'),
(10,10,6247,'Opening'),
(11,10,6247,'Opening'),
(25,1,6247,'Opening'),
(25,3,6247,'Opening'),
(25,4,6247,'Opening'),
(25,5,6247,'Opening'),
(25,7,6247,'Opening'),
(25,8,6247,'Opening'),
(25,10,6247,'Opening'),
(26,1,6247,'Opening'),
(26,3,6247,'Opening'),
(26,4,6247,'Opening'),
(26,5,6247,'Opening'),
(26,7,6247,'Opening'),
(26,8,6247,'Opening'),
(26,10,6247,'Opening'),
(1,10,6477,'Opening'),
(2,10,6477,'Opening'),
(3,10,6477,'Opening'),
(4,10,6477,'Opening'),
(5,10,6477,'Opening'),
(6,10,6477,'Opening'),
(7,10,6477,'Opening'),
(8,10,6477,'Opening'),
(10,10,6477,'Opening'),
(11,10,6477,'Opening'),
(25,1,6477,'Opening'),
(25,3,6477,'Opening'),
(25,4,6477,'Opening'),
(25,5,6477,'Opening'),
(25,7,6477,'Opening'),
(25,8,6477,'Opening'),
(25,10,6477,'Opening'),
(26,1,6477,'Opening'),
(26,3,6477,'Opening'),
(26,4,6477,'Opening'),
(26,5,6477,'Opening'),
(26,7,6477,'Opening'),
(26,8,6477,'Opening'),
(26,10,6477,'Opening'),
(1,10,61437,'Opening'),
(2,10,61437,'Opening'),
(3,10,61437,'Opening'),
(4,10,61437,'Opening'),
(5,10,61437,'Opening'),
(6,10,61437,'Opening'),
(7,10,61437,'Opening'),
(8,10,61437,'Opening'),
(10,1,61437,'Opening'),
(10,10,61437,'Opening'),
(11,10,61437,'Opening'),
(25,1,61437,'Opening'),
(25,3,61437,'Opening'),
(25,4,61437,'Opening'),
(25,5,61437,'Opening'),
(25,7,61437,'Opening'),
(25,8,61437,'Opening'),
(25,10,61437,'Opening'),
(26,1,61437,'Opening'),
(26,3,61437,'Opening'),
(26,4,61437,'Opening'),
(26,5,61437,'Opening'),
(26,7,61437,'Opening'),
(26,8,61437,'Opening'),
(26,10,61437,'Opening'),
(1,10,68398,'Opening'),
(2,10,68398,'Opening'),
(3,10,68398,'Opening'),
(4,10,68398,'Opening'),
(5,10,68398,'Opening'),
(6,10,68398,'Opening'),
(7,10,68398,'Opening'),
(8,10,68398,'Opening'),
(10,10,68398,'Opening'),
(11,10,68398,'Opening'),
(25,1,68398,'Opening'),
(25,3,68398,'Opening'),
(25,4,68398,'Opening'),
(25,5,68398,'Opening'),
(25,7,68398,'Opening'),
(25,8,68398,'Opening'),
(25,10,68398,'Opening'),
(26,1,68398,'Opening'),
(26,3,68398,'Opening'),
(26,4,68398,'Opening'),
(26,5,68398,'Opening'),
(26,7,68398,'Opening'),
(26,8,68398,'Opening'),
(26,10,68398,'Opening'),
(1,10,96220,'Opening'),
(2,10,96220,'Opening'),
(3,10,96220,'Opening'),
(4,10,96220,'Opening'),
(5,10,96220,'Opening'),
(6,10,96220,'Opening'),
(7,10,96220,'Opening'),
(8,10,96220,'Opening'),
(10,10,96220,'Opening'),
(11,10,96220,'Opening'),
(25,1,96220,'Opening'),
(25,3,96220,'Opening'),
(25,4,96220,'Opening'),
(25,5,96220,'Opening'),
(25,7,96220,'Opening'),
(25,8,96220,'Opening'),
(25,10,96220,'Opening'),
(26,1,96220,'Opening'),
(26,3,96220,'Opening'),
(26,4,96220,'Opening'),
(26,5,96220,'Opening'),
(26,7,96220,'Opening'),
(26,8,96220,'Opening'),
(26,10,96220,'Opening'),
(1,10,203,'Unarmed'),
(2,10,203,'Unarmed'),
(3,10,203,'Unarmed'),
(4,10,203,'Unarmed'),
(5,10,203,'Unarmed'),
(6,10,203,'Unarmed'),
(7,10,203,'Unarmed'),
(8,10,203,'Unarmed'),
(10,10,203,'Unarmed'),
(11,10,203,'Unarmed'),
(25,1,203,'Unarmed'),
(25,3,203,'Unarmed'),
(25,4,203,'Unarmed'),
(25,5,203,'Unarmed'),
(25,7,203,'Unarmed');
INSERT INTO `playercreateinfo_spell` (`race`,`class`,`Spell`,`Note`) VALUES
(25,8,203,'Unarmed'),
(25,10,203,'Unarmed'),
(26,1,203,'Unarmed'),
(26,3,203,'Unarmed'),
(26,4,203,'Unarmed'),
(26,5,203,'Unarmed'),
(26,7,203,'Unarmed'),
(26,8,203,'Unarmed'),
(26,10,203,'Unarmed'),
(1,10,20864,'Mace Specialization'),
(1,10,20599,'Diplomacy'),
(1,10,20597,'Sword Specialization'),
(1,10,20598,'The Human Spirit'),
(1,10,59752,'Every Man for Himself'),
(1,10,79738,'Languages'),
(25,1,49410,'Forceful Deflection'),
(26,1,49410,'Forceful Deflection'),
(25,1,199,'Two-Handed Maces'),
(25,7,199,'Two-Handed Maces'),
(26,1,199,'Two-Handed Maces'),
(26,7,199,'Two-Handed Maces'),
(1,10,15590,'Fist Weapons'),
(2,10,15590,'Fist Weapons'),
(3,10,15590,'Fist Weapons'),
(4,10,15590,'Fist Weapons'),
(5,10,15590,'Fist Weapons'),
(6,10,15590,'Fist Weapons'),
(7,10,15590,'Fist Weapons'),
(8,10,15590,'Fist Weapons'),
(10,10,15590,'Fist Weapons'),
(11,10,15590,'Fist Weapons'),
(25,1,15590,'Fist Weapons'),
(25,3,15590,'Fist Weapons'),
(25,4,15590,'Fist Weapons'),
(25,7,15590,'Fist Weapons'),
(25,10,15590,'Fist Weapons'),
(26,1,15590,'Fist Weapons'),
(26,3,15590,'Fist Weapons'),
(26,4,15590,'Fist Weapons'),
(26,7,15590,'Fist Weapons'),
(26,10,15590,'Fist Weapons'),
(25,1,76268,'Armor Skills'),
(26,1,76268,'Armor Skills'),
(25,1,76290,'Weapon Skills'),
(26,1,76290,'Weapon Skills'),
(25,1,88163,'Attack'),
(26,1,88163,'Attack'),
(1,10,200,'Polearms'),
(2,10,200,'Polearms'),
(3,10,200,'Polearms'),
(4,10,200,'Polearms'),
(5,10,200,'Polearms'),
(6,10,200,'Polearms'),
(7,10,200,'Polearms'),
(8,10,200,'Polearms'),
(10,10,200,'Polearms'),
(11,10,200,'Polearms'),
(25,1,200,'Polearms'),
(25,3,200,'Polearms'),
(25,10,200,'Polearms'),
(26,1,200,'Polearms'),
(26,3,200,'Polearms'),
(26,10,200,'Polearms'),
(1,10,668,'Language Common'),
(3,10,668,'Language Common'),
(4,10,668,'Language Common'),
(7,10,668,'Language Common'),
(11,10,668,'Language Common'),
(25,1,668,'Language Common'),
(25,3,668,'Language Common'),
(25,4,668,'Language Common'),
(25,5,668,'Language Common'),
(25,7,668,'Language Common'),
(25,8,668,'Language Common'),
(25,10,668,'Language Common'),
(1,10,227,'Staves'),
(2,10,227,'Staves'),
(3,10,227,'Staves'),
(4,10,227,'Staves'),
(5,10,227,'Staves'),
(6,10,227,'Staves'),
(7,10,227,'Staves'),
(8,10,227,'Staves'),
(10,10,227,'Staves'),
(11,10,227,'Staves'),
(25,1,227,'Staves'),
(25,3,227,'Staves'),
(25,5,227,'Staves'),
(25,7,227,'Staves'),
(25,8,227,'Staves'),
(25,10,227,'Staves'),
(26,1,227,'Staves'),
(26,3,227,'Staves'),
(26,5,227,'Staves'),
(26,7,227,'Staves'),
(26,8,227,'Staves'),
(26,10,227,'Staves'),
(25,1,9116,'Shield'),
(25,7,9116,'Shield'),
(26,1,9116,'Shield'),
(26,7,9116,'Shield'),
(1,1,119811,'Mail'),
(1,2,119811,'Mail'),
(1,6,119811,'Mail'),
(2,1,119811,'Mail'),
(2,6,119811,'Mail'),
(3,1,119811,'Mail'),
(3,2,119811,'Mail'),
(3,6,119811,'Mail'),
(4,1,119811,'Mail'),
(4,6,119811,'Mail'),
(5,1,119811,'Mail'),
(5,6,119811,'Mail'),
(6,1,119811,'Mail'),
(6,2,119811,'Mail'),
(6,6,119811,'Mail'),
(7,1,119811,'Mail'),
(7,6,119811,'Mail'),
(8,1,119811,'Mail'),
(8,6,119811,'Mail'),
(9,1,119811,'Mail'),
(9,6,119811,'Mail'),
(10,1,119811,'Mail'),
(10,2,119811,'Mail'),
(10,6,119811,'Mail'),
(11,1,119811,'Mail'),
(11,2,119811,'Mail'),
(11,6,119811,'Mail'),
(22,1,119811,'Mail'),
(22,6,119811,'Mail'),
(25,1,119811,'Mail'),
(26,1,119811,'Mail'),
(1,10,9077,'Leather'),
(2,10,9077,'Leather'),
(3,10,9077,'Leather'),
(4,10,9077,'Leather'),
(5,10,9077,'Leather'),
(6,10,9077,'Leather'),
(7,10,9077,'Leather'),
(8,10,9077,'Leather'),
(10,10,9077,'Leather'),
(11,10,9077,'Leather'),
(25,1,9077,'Leather'),
(25,3,9077,'Leather'),
(25,4,9077,'Leather'),
(25,7,9077,'Leather'),
(25,10,9077,'Leather'),
(26,1,9077,'Leather'),
(26,3,9077,'Leather'),
(26,4,9077,'Leather'),
(26,7,9077,'Leather'),
(26,10,9077,'Leather'),
(25,1,264,'Bows'),
(25,3,264,'Bows'),
(25,4,264,'Bows'),
(26,1,264,'Bows'),
(26,3,264,'Bows'),
(26,4,264,'Bows'),
(25,1,266,'Guns'),
(25,3,266,'Guns'),
(25,4,266,'Guns'),
(26,1,266,'Guns'),
(26,3,266,'Guns'),
(26,4,266,'Guns'),
(25,1,107,'Block'),
(25,7,107,'Block'),
(26,1,107,'Block'),
(26,7,107,'Block'),
(1,10,81,'Dodge'),
(2,10,81,'Dodge'),
(3,10,81,'Dodge'),
(4,10,81,'Dodge'),
(5,10,81,'Dodge'),
(6,10,81,'Dodge'),
(7,10,81,'Dodge'),
(8,10,81,'Dodge'),
(10,10,81,'Dodge'),
(11,10,81,'Dodge'),
(25,1,81,'Dodge'),
(25,3,81,'Dodge'),
(25,4,81,'Dodge'),
(25,5,81,'Dodge'),
(25,7,81,'Dodge'),
(25,8,81,'Dodge'),
(25,10,81,'Dodge'),
(26,1,81,'Dodge'),
(26,3,81,'Dodge'),
(26,4,81,'Dodge'),
(26,5,81,'Dodge'),
(26,7,81,'Dodge'),
(26,8,81,'Dodge'),
(26,10,81,'Dodge'),
(25,1,32215,'Victorious State'),
(26,1,32215,'Victorious State'),
(25,1,5301,'Defensive State (DND)'),
(26,1,5301,'Defensive State (DND)'),
(1,10,204,'Defense'),
(2,10,204,'Defense'),
(3,10,204,'Defense'),
(4,10,204,'Defense'),
(5,10,204,'Defense'),
(6,10,204,'Defense'),
(7,10,204,'Defense'),
(8,10,204,'Defense'),
(10,10,204,'Defense'),
(11,10,204,'Defense'),
(25,1,204,'Defense'),
(25,3,204,'Defense'),
(25,4,204,'Defense'),
(25,5,204,'Defense'),
(25,7,204,'Defense'),
(25,8,204,'Defense'),
(25,10,204,'Defense'),
(26,1,204,'Defense'),
(26,3,204,'Defense'),
(26,4,204,'Defense'),
(26,5,204,'Defense'),
(26,7,204,'Defense'),
(26,8,204,'Defense'),
(26,10,204,'Defense'),
(1,10,522,'SPELLDEFENSE (DND)'),
(2,10,522,'SPELLDEFENSE (DND)'),
(3,10,522,'SPELLDEFENSE (DND)'),
(4,10,522,'SPELLDEFENSE (DND)'),
(5,10,522,'SPELLDEFENSE (DND)'),
(6,10,522,'SPELLDEFENSE (DND)'),
(7,10,522,'SPELLDEFENSE (DND)'),
(8,10,522,'SPELLDEFENSE (DND)'),
(10,10,522,'SPELLDEFENSE (DND)'),
(11,10,522,'SPELLDEFENSE (DND)'),
(25,1,522,'SPELLDEFENSE (DND)'),
(25,3,522,'SPELLDEFENSE (DND)'),
(25,4,522,'SPELLDEFENSE (DND)'),
(25,5,522,'SPELLDEFENSE (DND)'),
(25,7,522,'SPELLDEFENSE (DND)'),
(25,8,522,'SPELLDEFENSE (DND)'),
(25,10,522,'SPELLDEFENSE (DND)'),
(26,1,522,'SPELLDEFENSE (DND)'),
(26,3,522,'SPELLDEFENSE (DND)'),
(26,4,522,'SPELLDEFENSE (DND)'),
(26,5,522,'SPELLDEFENSE (DND)'),
(26,7,522,'SPELLDEFENSE (DND)'),
(26,8,522,'SPELLDEFENSE (DND)'),
(26,10,522,'SPELLDEFENSE (DND)'),
(25,1,2764,'Throw'),
(25,4,2764,'Throw'),
(26,1,2764,'Throw'),
(26,4,2764,'Throw'),
(25,1,2567,'Thrown'),
(25,4,2567,'Thrown'),
(26,1,2567,'Thrown'),
(26,4,2567,'Thrown'),
(1,10,9078,'Cloth'),
(2,10,9078,'Cloth'),
(3,10,9078,'Cloth'),
(4,10,9078,'Cloth'),
(5,10,9078,'Cloth'),
(6,10,9078,'Cloth'),
(7,10,9078,'Cloth'),
(8,10,9078,'Cloth'),
(10,10,9078,'Cloth'),
(11,10,9078,'Cloth'),
(25,1,9078,'Cloth'),
(25,3,9078,'Cloth'),
(25,4,9078,'Cloth'),
(25,5,9078,'Cloth'),
(25,7,9078,'Cloth'),
(25,8,9078,'Cloth'),
(25,10,9078,'Cloth'),
(26,1,9078,'Cloth'),
(26,3,9078,'Cloth'),
(26,4,9078,'Cloth'),
(26,5,9078,'Cloth'),
(26,7,9078,'Cloth'),
(26,8,9078,'Cloth'),
(26,10,9078,'Cloth'),
(1,10,198,'One-Handed Maces'),
(2,10,198,'One-Handed Maces'),
(3,10,198,'One-Handed Maces'),
(4,10,198,'One-Handed Maces'),
(5,10,198,'One-Handed Maces'),
(6,10,198,'One-Handed Maces'),
(7,10,198,'One-Handed Maces'),
(8,10,198,'One-Handed Maces'),
(10,10,198,'One-Handed Maces'),
(11,10,198,'One-Handed Maces'),
(25,1,198,'One-Handed Maces'),
(25,4,198,'One-Handed Maces'),
(25,5,198,'One-Handed Maces'),
(25,7,198,'One-Handed Maces'),
(25,10,198,'One-Handed Maces'),
(26,1,198,'One-Handed Maces'),
(26,4,198,'One-Handed Maces'),
(26,5,198,'One-Handed Maces'),
(26,7,198,'One-Handed Maces'),
(26,10,198,'One-Handed Maces'),
(1,10,201,'One-Handed Swords'),
(2,10,201,'One-Handed Swords'),
(3,10,201,'One-Handed Swords'),
(4,10,201,'One-Handed Swords');
INSERT INTO `playercreateinfo_spell` (`race`,`class`,`Spell`,`Note`) VALUES
(5,10,201,'One-Handed Swords'),
(6,10,201,'One-Handed Swords'),
(7,10,201,'One-Handed Swords'),
(8,10,201,'One-Handed Swords'),
(10,10,201,'One-Handed Swords'),
(11,10,201,'One-Handed Swords'),
(25,1,201,'One-Handed Swords'),
(25,3,201,'One-Handed Swords'),
(25,4,201,'One-Handed Swords'),
(25,8,201,'One-Handed Swords'),
(25,10,201,'One-Handed Swords'),
(26,1,201,'One-Handed Swords'),
(26,3,201,'One-Handed Swords'),
(26,4,201,'One-Handed Swords'),
(26,8,201,'One-Handed Swords'),
(26,10,201,'One-Handed Swords'),
(25,4,674,'Dual Wield'),
(26,4,674,'Dual Wield'),
(25,5,5009,'Wands'),
(25,8,5009,'Wands'),
(26,5,5009,'Wands'),
(26,8,5009,'Wands'),
(25,5,5019,'Shoot'),
(25,8,5019,'Shoot'),
(26,5,5019,'Shoot'),
(26,8,5019,'Shoot'),
(1,5,84733,'Holy Focus'),
(3,5,84733,'Holy Focus'),
(4,5,84733,'Holy Focus'),
(5,5,84733,'Holy Focus'),
(6,5,84733,'Holy Focus'),
(7,5,84733,'Holy Focus'),
(8,5,84733,'Holy Focus'),
(9,5,84733,'Holy Focus'),
(10,5,84733,'Holy Focus'),
(11,5,84733,'Holy Focus'),
(22,5,84733,'Holy Focus'),
(1,5,77486,'Shadow Orb Power'),
(3,5,77486,'Shadow Orb Power'),
(4,5,77486,'Shadow Orb Power'),
(5,5,77486,'Shadow Orb Power'),
(6,5,77486,'Shadow Orb Power'),
(7,5,77486,'Shadow Orb Power'),
(8,5,77486,'Shadow Orb Power'),
(9,5,77486,'Shadow Orb Power'),
(10,5,77486,'Shadow Orb Power'),
(11,5,77486,'Shadow Orb Power'),
(22,5,77486,'Shadow Orb Power'),
(2,10,669,'Language Orcish'),
(5,10,669,'Language Orcish'),
(6,10,669,'Language Orcish'),
(8,10,669,'Language Orcish'),
(10,10,669,'Language Orcish'),
(26,1,669,'Language Orcish'),
(26,3,669,'Language Orcish'),
(26,4,669,'Language Orcish'),
(26,5,669,'Language Orcish'),
(26,7,669,'Language Orcish'),
(26,8,669,'Language Orcish'),
(26,10,669,'Language Orcish'),
(2,10,20573,'Hardiness'),
(2,10,20574,'Axe Specialization'),
(2,10,79743,'Languages'),
(3,10,20596,'Frost Resistance'),
(3,10,20595,'Gun Specialization'),
(3,10,20594,'Stoneform'),
(3,10,59224,'Mace Specialization'),
(3,10,92682,'Explorer'),
(3,10,79739,'Languages (Racial Passive)'),
(3,10,672,'Language Dwarven'),
(4,10,76252,'Languages (Racial Passive)'),
(4,10,20583,'Nature Resistance'),
(4,10,20582,'Quickness'),
(4,10,20585,'Wisp Spirit'),
(4,10,21009,'Elusiveness'),
(4,10,58984,'Shadowmeld'),
(4,10,671,'Language Darnassian'),
(5,10,17737,'Language Gutterspeak'),
(5,10,5227,'Underwater Breathing'),
(5,10,7744,'Will of the Forsaken'),
(5,10,20577,'Cannibalize'),
(5,10,20579,'Shadow Resistance'),
(5,10,79747,'Languages (Racial Passive)'),
(6,10,670,'Language Taurahe'),
(6,10,20549,'War Stomp'),
(6,10,20550,'Endurance'),
(6,10,20551,'Nature Resistance'),
(6,10,20552,'Cultivation'),
(6,7,79746,'Languages (Racial Passive)'),
(6,10,79746,'Languages (Racial Passive)'),
(7,10,20591,'Expansive Mind'),
(7,10,20593,'Engineering Specialization'),
(7,10,20592,'Arcane Resistance'),
(7,10,92680,'Shortblade Specialization'),
(7,10,79740,'Languages (Racial Passive)'),
(7,10,7340,'Language Gnomish'),
(8,10,7341,'Language Troll'),
(8,10,26290,'Bow Specialization'),
(8,10,26297,'Berserking'),
(8,10,58943,'Da Voodoo Shuffle'),
(8,10,20555,'Regeneration'),
(8,10,20557,'Beast Slaying'),
(10,10,129597,'Arcane Torrent'),
(8,10,79744,'Languages (Racial Passive)'),
(10,10,813,'Language Thalassian'),
(10,10,822,'Arcane Resistance'),
(10,10,28877,'Arcane Affinity'),
(10,10,79748,'Languages (Racial Passive)'),
(11,10,29932,'Language Draenei'),
(11,10,79741,'Languages (Racial Passive)'),
(11,10,6562,'Heroic Presence'),
(11,10,28875,'Gemcutting'),
(22,1,69001,''),
(22,3,69001,''),
(22,4,69001,''),
(22,5,69001,''),
(22,8,69001,''),
(22,9,69001,''),
(22,11,69001,''),
(7,1,20589,'Escape Artist'),
(7,4,20589,'Escape Artist'),
(7,5,20589,'Escape Artist'),
(7,8,20589,'Escape Artist'),
(7,9,20589,'Escape Artist'),
(7,10,20589,'Escape Artist'),
(22,6,94293,'Enable Worgen Altered Form'),
(1,1,113873,'Enable Remove talent'),
(1,2,113873,'Enable Remove talent'),
(1,3,113873,'Enable Remove talent'),
(1,4,113873,'Enable Remove talent'),
(1,5,113873,'Enable Remove talent'),
(1,6,113873,'Enable Remove talent'),
(1,8,113873,'Enable Remove talent'),
(1,9,113873,'Enable Remove talent'),
(1,10,113873,'Enable Remove talent'),
(2,1,113873,'Enable Remove talent'),
(2,3,113873,'Enable Remove talent'),
(2,4,113873,'Enable Remove talent'),
(2,6,113873,'Enable Remove talent'),
(2,7,113873,'Enable Remove talent'),
(2,8,113873,'Enable Remove talent'),
(2,9,113873,'Enable Remove talent'),
(2,10,113873,'Enable Remove talent'),
(3,1,113873,'Enable Remove talent'),
(3,2,113873,'Enable Remove talent'),
(3,3,113873,'Enable Remove talent'),
(3,4,113873,'Enable Remove talent'),
(3,5,113873,'Enable Remove talent'),
(3,6,113873,'Enable Remove talent'),
(3,7,113873,'Enable Remove talent'),
(3,8,113873,'Enable Remove talent'),
(3,9,113873,'Enable Remove talent'),
(3,10,113873,'Enable Remove talent'),
(4,1,113873,'Enable Remove talent'),
(4,3,113873,'Enable Remove talent'),
(4,4,113873,'Enable Remove talent'),
(4,5,113873,'Enable Remove talent'),
(4,6,113873,'Enable Remove talent'),
(4,8,113873,'Enable Remove talent'),
(4,10,113873,'Enable Remove talent'),
(4,11,113873,'Enable Remove talent'),
(5,1,113873,'Enable Remove talent'),
(5,3,113873,'Enable Remove talent'),
(5,4,113873,'Enable Remove talent'),
(5,5,113873,'Enable Remove talent'),
(5,6,113873,'Enable Remove talent'),
(5,8,113873,'Enable Remove talent'),
(5,9,113873,'Enable Remove talent'),
(5,10,113873,'Enable Remove talent'),
(6,1,113873,'Enable Remove talent'),
(6,2,113873,'Enable Remove talent'),
(6,3,113873,'Enable Remove talent'),
(6,5,113873,'Enable Remove talent'),
(6,6,113873,'Enable Remove talent'),
(6,7,113873,'Enable Remove talent'),
(6,10,113873,'Enable Remove talent'),
(6,11,113873,'Enable Remove talent'),
(7,1,113873,'Enable Remove talent'),
(7,4,113873,'Enable Remove talent'),
(7,5,113873,'Enable Remove talent'),
(7,6,113873,'Enable Remove talent'),
(7,8,113873,'Enable Remove talent'),
(7,9,113873,'Enable Remove talent'),
(7,10,113873,'Enable Remove talent'),
(8,1,113873,'Enable Remove talent'),
(8,3,113873,'Enable Remove talent'),
(8,4,113873,'Enable Remove talent'),
(8,5,113873,'Enable Remove talent'),
(8,6,113873,'Enable Remove talent'),
(8,7,113873,'Enable Remove talent'),
(8,8,113873,'Enable Remove talent'),
(8,9,113873,'Enable Remove talent'),
(8,10,113873,'Enable Remove talent'),
(8,11,113873,'Enable Remove talent'),
(9,1,113873,'Enable Remove talent'),
(9,3,113873,'Enable Remove talent'),
(9,4,113873,'Enable Remove talent'),
(9,5,113873,'Enable Remove talent'),
(9,6,113873,'Enable Remove talent'),
(9,7,113873,'Enable Remove talent'),
(9,8,113873,'Enable Remove talent'),
(9,9,113873,'Enable Remove talent'),
(10,1,113873,'Enable Remove talent'),
(10,2,113873,'Enable Remove talent'),
(10,3,113873,'Enable Remove talent'),
(10,4,113873,'Enable Remove talent'),
(10,5,113873,'Enable Remove talent'),
(10,6,113873,'Enable Remove talent'),
(10,8,113873,'Enable Remove talent'),
(10,9,113873,'Enable Remove talent'),
(10,10,113873,'Enable Remove talent'),
(11,1,113873,'Enable Remove talent'),
(11,2,113873,'Enable Remove talent'),
(11,3,113873,'Enable Remove talent'),
(11,5,113873,'Enable Remove talent'),
(11,6,113873,'Enable Remove talent'),
(11,7,113873,'Enable Remove talent'),
(11,8,113873,'Enable Remove talent'),
(11,10,113873,'Enable Remove talent'),
(22,1,113873,'Enable Remove talent'),
(22,3,113873,'Enable Remove talent'),
(22,4,113873,'Enable Remove talent'),
(22,5,113873,'Enable Remove talent'),
(22,6,113873,'Enable Remove talent'),
(22,8,113873,'Enable Remove talent'),
(22,9,113873,'Enable Remove talent'),
(22,11,113873,'Enable Remove talent'),
(25,1,113873,'Enable Remove talent'),
(25,3,113873,'Enable Remove talent'),
(25,4,113873,'Enable Remove talent'),
(25,5,113873,'Enable Remove talent'),
(25,7,113873,'Enable Remove talent'),
(25,8,113873,'Enable Remove talent'),
(25,10,113873,'Enable Remove talent'),
(26,1,113873,'Enable Remove talent'),
(26,3,113873,'Enable Remove talent'),
(26,4,113873,'Enable Remove talent'),
(26,5,113873,'Enable Remove talent'),
(26,7,113873,'Enable Remove talent'),
(26,8,113873,'Enable Remove talent'),
(26,10,113873,'Enable Remove talent'),
(1,8,44614,'Frostfire Bolt'),
(2,8,44614,'Frostfire Bolt'),
(3,8,44614,'Frostfire Bolt'),
(4,8,44614,'Frostfire Bolt'),
(5,8,44614,'Frostfire Bolt'),
(7,8,44614,'Frostfire Bolt'),
(8,8,44614,'Frostfire Bolt'),
(9,8,44614,'Frostfire Bolt'),
(10,8,44614,'Frostfire Bolt'),
(11,8,44614,'Frostfire Bolt'),
(22,8,44614,'Frostfire Bolt'),
(1,1,111621,'Enable Remove glyph'),
(1,2,111621,'Enable Remove glyph'),
(1,3,111621,'Enable Remove glyph'),
(1,4,111621,'Enable Remove glyph'),
(1,5,111621,'Enable Remove glyph'),
(1,6,111621,'Enable Remove glyph'),
(1,8,111621,'Enable Remove glyph'),
(1,9,111621,'Enable Remove glyph'),
(1,10,111621,'Enable Remove glyph'),
(2,1,111621,'Enable Remove glyph'),
(2,3,111621,'Enable Remove glyph'),
(2,4,111621,'Enable Remove glyph'),
(2,6,111621,'Enable Remove glyph'),
(2,7,111621,'Enable Remove glyph'),
(2,8,111621,'Enable Remove glyph'),
(2,9,111621,'Enable Remove glyph'),
(2,10,111621,'Enable Remove glyph'),
(3,1,111621,'Enable Remove glyph'),
(3,2,111621,'Enable Remove glyph'),
(3,3,111621,'Enable Remove glyph'),
(3,4,111621,'Enable Remove glyph'),
(3,5,111621,'Enable Remove glyph'),
(3,6,111621,'Enable Remove glyph'),
(3,7,111621,'Enable Remove glyph'),
(3,8,111621,'Enable Remove glyph'),
(3,9,111621,'Enable Remove glyph'),
(3,10,111621,'Enable Remove glyph'),
(4,1,111621,'Enable Remove glyph'),
(4,3,111621,'Enable Remove glyph'),
(4,4,111621,'Enable Remove glyph'),
(4,5,111621,'Enable Remove glyph'),
(4,6,111621,'Enable Remove glyph'),
(4,8,111621,'Enable Remove glyph'),
(4,10,111621,'Enable Remove glyph'),
(4,11,111621,'Enable Remove glyph'),
(5,1,111621,'Enable Remove glyph'),
(5,3,111621,'Enable Remove glyph'),
(5,4,111621,'Enable Remove glyph'),
(5,5,111621,'Enable Remove glyph'),
(5,6,111621,'Enable Remove glyph'),
(5,8,111621,'Enable Remove glyph'),
(5,9,111621,'Enable Remove glyph'),
(5,10,111621,'Enable Remove glyph'),
(6,1,111621,'Enable Remove glyph'),
(6,2,111621,'Enable Remove glyph'),
(6,3,111621,'Enable Remove glyph'),
(6,5,111621,'Enable Remove glyph'),
(6,6,111621,'Enable Remove glyph');
INSERT INTO `playercreateinfo_spell` (`race`,`class`,`Spell`,`Note`) VALUES
(6,7,111621,'Enable Remove glyph'),
(6,10,111621,'Enable Remove glyph'),
(6,11,111621,'Enable Remove glyph'),
(7,1,111621,'Enable Remove glyph'),
(7,4,111621,'Enable Remove glyph'),
(7,5,111621,'Enable Remove glyph'),
(7,6,111621,'Enable Remove glyph'),
(7,8,111621,'Enable Remove glyph'),
(7,9,111621,'Enable Remove glyph'),
(7,10,111621,'Enable Remove glyph'),
(8,1,111621,'Enable Remove glyph'),
(8,3,111621,'Enable Remove glyph'),
(8,4,111621,'Enable Remove glyph'),
(8,5,111621,'Enable Remove glyph'),
(8,6,111621,'Enable Remove glyph'),
(8,7,111621,'Enable Remove glyph'),
(8,8,111621,'Enable Remove glyph'),
(8,9,111621,'Enable Remove glyph'),
(8,10,111621,'Enable Remove glyph'),
(8,11,111621,'Enable Remove glyph'),
(9,1,111621,'Enable Remove glyph'),
(9,3,111621,'Enable Remove glyph'),
(9,4,111621,'Enable Remove glyph'),
(9,5,111621,'Enable Remove glyph'),
(9,6,111621,'Enable Remove glyph'),
(9,7,111621,'Enable Remove glyph'),
(9,8,111621,'Enable Remove glyph'),
(9,9,111621,'Enable Remove glyph'),
(10,1,111621,'Enable Remove glyph'),
(10,2,111621,'Enable Remove glyph'),
(10,3,111621,'Enable Remove glyph'),
(10,4,111621,'Enable Remove glyph'),
(10,5,111621,'Enable Remove glyph'),
(10,6,111621,'Enable Remove glyph'),
(10,8,111621,'Enable Remove glyph'),
(10,9,111621,'Enable Remove glyph'),
(10,10,111621,'Enable Remove glyph'),
(11,1,111621,'Enable Remove glyph'),
(11,2,111621,'Enable Remove glyph'),
(11,3,111621,'Enable Remove glyph'),
(11,5,111621,'Enable Remove glyph'),
(11,6,111621,'Enable Remove glyph'),
(11,7,111621,'Enable Remove glyph'),
(11,8,111621,'Enable Remove glyph'),
(11,10,111621,'Enable Remove glyph'),
(22,1,111621,'Enable Remove glyph'),
(22,3,111621,'Enable Remove glyph'),
(22,4,111621,'Enable Remove glyph'),
(22,5,111621,'Enable Remove glyph'),
(22,6,111621,'Enable Remove glyph'),
(22,8,111621,'Enable Remove glyph'),
(22,9,111621,'Enable Remove glyph'),
(22,11,111621,'Enable Remove glyph'),
(25,1,111621,'Enable Remove glyph'),
(25,3,111621,'Enable Remove glyph'),
(25,4,111621,'Enable Remove glyph'),
(25,5,111621,'Enable Remove glyph'),
(25,7,111621,'Enable Remove glyph'),
(25,8,111621,'Enable Remove glyph'),
(25,10,111621,'Enable Remove glyph'),
(26,1,111621,'Enable Remove glyph'),
(26,3,111621,'Enable Remove glyph'),
(26,4,111621,'Enable Remove glyph'),
(26,5,111621,'Enable Remove glyph'),
(26,7,111621,'Enable Remove glyph'),
(26,8,111621,'Enable Remove glyph'),
(26,10,111621,'Enable Remove glyph'),
(1,1,134735,'Battle Fatigue'),
(1,2,134735,'Battle Fatigue'),
(1,3,134735,'Battle Fatigue'),
(1,4,134735,'Battle Fatigue'),
(1,5,134735,'Battle Fatigue'),
(1,6,134735,'Battle Fatigue'),
(1,8,134735,'Battle Fatigue'),
(1,9,134735,'Battle Fatigue'),
(1,10,134735,'Battle Fatigue'),
(2,1,134735,'Battle Fatigue'),
(2,3,134735,'Battle Fatigue'),
(2,4,134735,'Battle Fatigue'),
(2,6,134735,'Battle Fatigue'),
(2,7,134735,'Battle Fatigue'),
(2,8,134735,'Battle Fatigue'),
(2,9,134735,'Battle Fatigue'),
(2,10,134735,'Battle Fatigue'),
(3,1,134735,'Battle Fatigue'),
(3,2,134735,'Battle Fatigue'),
(3,3,134735,'Battle Fatigue'),
(3,4,134735,'Battle Fatigue'),
(3,5,134735,'Battle Fatigue'),
(3,6,134735,'Battle Fatigue'),
(3,7,134735,'Battle Fatigue'),
(3,8,134735,'Battle Fatigue'),
(3,9,134735,'Battle Fatigue'),
(3,10,134735,'Battle Fatigue'),
(4,1,134735,'Battle Fatigue'),
(4,3,134735,'Battle Fatigue'),
(4,4,134735,'Battle Fatigue'),
(4,5,134735,'Battle Fatigue'),
(4,6,134735,'Battle Fatigue'),
(4,8,134735,'Battle Fatigue'),
(4,10,134735,'Battle Fatigue'),
(4,11,134735,'Battle Fatigue'),
(5,1,134735,'Battle Fatigue'),
(5,3,134735,'Battle Fatigue'),
(5,4,134735,'Battle Fatigue'),
(5,5,134735,'Battle Fatigue'),
(5,6,134735,'Battle Fatigue'),
(5,8,134735,'Battle Fatigue'),
(5,9,134735,'Battle Fatigue'),
(5,10,134735,'Battle Fatigue'),
(6,1,134735,'Battle Fatigue'),
(6,2,134735,'Battle Fatigue'),
(6,3,134735,'Battle Fatigue'),
(6,5,134735,'Battle Fatigue'),
(6,6,134735,'Battle Fatigue'),
(6,7,134735,'Battle Fatigue'),
(6,10,134735,'Battle Fatigue'),
(6,11,134735,'Battle Fatigue'),
(7,1,134735,'Battle Fatigue'),
(7,4,134735,'Battle Fatigue'),
(7,5,134735,'Battle Fatigue'),
(7,6,134735,'Battle Fatigue'),
(7,8,134735,'Battle Fatigue'),
(7,9,134735,'Battle Fatigue'),
(7,10,134735,'Battle Fatigue'),
(8,1,134735,'Battle Fatigue'),
(8,3,134735,'Battle Fatigue'),
(8,4,134735,'Battle Fatigue'),
(8,5,134735,'Battle Fatigue'),
(8,6,134735,'Battle Fatigue'),
(8,7,134735,'Battle Fatigue'),
(8,8,134735,'Battle Fatigue'),
(8,9,134735,'Battle Fatigue'),
(8,10,134735,'Battle Fatigue'),
(8,11,134735,'Battle Fatigue'),
(9,1,134735,'Battle Fatigue'),
(9,3,134735,'Battle Fatigue'),
(9,4,134735,'Battle Fatigue'),
(9,5,134735,'Battle Fatigue'),
(9,6,134735,'Battle Fatigue'),
(9,7,134735,'Battle Fatigue'),
(9,8,134735,'Battle Fatigue'),
(9,9,134735,'Battle Fatigue'),
(10,1,134735,'Battle Fatigue'),
(10,2,134735,'Battle Fatigue'),
(10,3,134735,'Battle Fatigue'),
(10,4,134735,'Battle Fatigue'),
(10,5,134735,'Battle Fatigue'),
(10,6,134735,'Battle Fatigue'),
(10,8,134735,'Battle Fatigue'),
(10,9,134735,'Battle Fatigue'),
(10,10,134735,'Battle Fatigue'),
(11,1,134735,'Battle Fatigue'),
(11,2,134735,'Battle Fatigue'),
(11,3,134735,'Battle Fatigue'),
(11,5,134735,'Battle Fatigue'),
(11,6,134735,'Battle Fatigue'),
(11,7,134735,'Battle Fatigue'),
(11,8,134735,'Battle Fatigue'),
(11,10,134735,'Battle Fatigue'),
(22,1,134735,'Battle Fatigue'),
(22,3,134735,'Battle Fatigue'),
(22,4,134735,'Battle Fatigue'),
(22,5,134735,'Battle Fatigue'),
(22,6,134735,'Battle Fatigue'),
(22,8,134735,'Battle Fatigue'),
(22,9,134735,'Battle Fatigue'),
(22,11,134735,'Battle Fatigue'),
(25,1,134735,'Battle Fatigue'),
(25,3,134735,'Battle Fatigue'),
(25,4,134735,'Battle Fatigue'),
(25,5,134735,'Battle Fatigue'),
(25,7,134735,'Battle Fatigue'),
(25,8,134735,'Battle Fatigue'),
(25,10,134735,'Battle Fatigue'),
(26,1,134735,'Battle Fatigue'),
(26,3,134735,'Battle Fatigue'),
(26,4,134735,'Battle Fatigue'),
(26,5,134735,'Battle Fatigue'),
(26,7,134735,'Battle Fatigue'),
(26,8,134735,'Battle Fatigue'),
(26,10,134735,'Battle Fatigue'),
(22,1,69270,'Language Gilnean'),
(22,3,69270,'Language Gilnean'),
(22,4,69270,'Language Gilnean'),
(22,5,69270,'Language Gilnean'),
(22,6,69270,'Language Gilnean'),
(22,8,69270,'Language Gilnean'),
(22,9,69270,'Language Gilnean'),
(22,11,69270,'Language Gilnean'),
(25,1,108130,'Language Pandaren Alliance'),
(25,3,108130,'Language Pandaren Alliance'),
(25,4,108130,'Language Pandaren Alliance'),
(25,5,108130,'Language Pandaren Alliance'),
(25,7,108130,'Language Pandaren Alliance'),
(25,8,108130,'Language Pandaren Alliance'),
(25,10,108130,'Language Pandaren Alliance'),
(25,1,143368,'Languages (Racial Passive)'),
(25,3,143368,'Languages (Racial Passive)'),
(25,4,143368,'Languages (Racial Passive)'),
(25,5,143368,'Languages (Racial Passive)'),
(25,7,143368,'Languages (Racial Passive)'),
(25,8,143368,'Languages (Racial Passive)'),
(25,10,143368,'Languages (Racial Passive)'),
(26,1,108131,'Language Pandaren Horde'),
(26,3,108131,'Language Pandaren Horde'),
(26,4,108131,'Language Pandaren Horde'),
(26,5,108131,'Language Pandaren Horde'),
(26,7,108131,'Language Pandaren Horde'),
(26,8,108131,'Language Pandaren Horde'),
(26,10,108131,'Language Pandaren Horde'),
(26,1,143369,'Languages (Racial Passive)'),
(26,3,143369,'Languages (Racial Passive)'),
(26,4,143369,'Languages (Racial Passive)'),
(26,5,143369,'Languages (Racial Passive)'),
(26,7,143369,'Languages (Racial Passive)'),
(26,8,143369,'Languages (Racial Passive)'),
(26,10,143369,'Languages (Racial Passive)'),
(11,10,132295,'Shadow Resistance'),
(1,10,100780,'Jab'),
(2,10,100780,'Jab'),
(3,10,100780,'Jab'),
(4,10,100780,'Jab'),
(5,10,100780,'Jab'),
(6,10,100780,'Jab'),
(7,10,100780,'Jab'),
(8,10,100780,'Jab'),
(10,10,100780,'Jab'),
(11,10,100780,'Jab'),
(25,10,100780,'Jab'),
(26,10,100780,'Jab'),
(1,1,78,'Heroic Strike'),
(2,1,78,'Heroic Strike'),
(3,1,78,'Heroic Strike'),
(4,1,78,'Heroic Strike'),
(5,1,78,'Heroic Strike'),
(6,1,78,'Heroic Strike'),
(7,1,78,'Heroic Strike'),
(8,1,78,'Heroic Strike'),
(9,1,78,'Heroic Strike'),
(10,1,78,'Heroic Strike'),
(11,1,78,'Heroic Strike'),
(22,1,78,'Heroic Strike'),
(25,1,78,'Heroic Strike'),
(26,1,78,'Heroic Strike');

-- ---------------------------------------------------------------- spell_area
INSERT INTO `spell_area` (`spell`,`area`,`quest_start`,`quest_start_active`,`quest_end`,`condition_id`,`aura_spell`,`racemask`,`gender`,`autocast`) VALUES
(52693,4298,12687,1,12687,0,0,0,2,1),
(42316,2079,11142,1,0,0,0,1101,2,1),
(91604,4612,0,0,0,0,0,0,2,1),
(91604,4589,0,0,0,0,0,0,2,1),
(91604,4585,0,0,0,0,0,0,2,1),
(91604,4583,0,0,0,0,0,0,2,1),
(91604,4582,0,0,0,0,0,0,2,1),
(91604,4581,0,0,0,0,0,0,2,1),
(91604,4577,0,0,0,0,0,0,2,1),
(91604,4575,0,0,0,0,0,0,2,1),
(91604,4539,0,0,0,0,0,0,2,1),
(91604,4538,0,0,0,0,0,0,2,1),
(91604,4197,0,0,0,0,0,0,2,1),
(74411,3820,0,0,0,0,0,0,2,1),
(74411,3869,0,0,0,0,0,0,2,1),
(74411,3870,0,0,0,0,0,0,2,1),
(74411,3871,0,0,0,0,0,0,2,1),
(74411,3872,0,0,0,0,0,0,2,1),
(74411,3358,0,0,0,0,0,0,2,1),
(74411,3317,0,0,0,0,0,0,2,1),
(74411,3418,0,0,0,0,0,0,2,1),
(74411,3420,0,0,0,0,0,0,2,1),
(74411,3421,0,0,0,0,0,0,2,1),
(74411,3422,0,0,0,0,0,0,2,1),
(74411,3424,0,0,0,0,0,0,2,1),
(74411,3423,0,0,0,0,0,0,2,1),
(74411,3277,0,0,0,0,0,0,2,1),
(74411,3320,0,0,0,0,0,0,2,1),
(74411,3321,0,0,0,0,0,0,2,1),
(74411,4571,0,0,0,0,0,0,2,1),
(74411,4572,0,0,0,0,0,0,2,1),
(74411,2597,0,0,0,0,0,0,2,1),
(74411,2957,0,0,0,0,0,0,2,1),
(74411,2958,0,0,0,0,0,0,2,1),
(74411,2959,0,0,0,0,0,0,2,1),
(74411,2960,0,0,0,0,0,0,2,1),
(74411,2961,0,0,0,0,0,0,2,1),
(74411,2962,0,0,0,0,0,0,2,1),
(74411,2963,0,0,0,0,0,0,2,1),
(74411,2964,0,0,0,0,0,0,2,1),
(74411,2977,0,0,0,0,0,0,2,1),
(74411,2978,0,0,0,0,0,0,2,1),
(74411,3017,0,0,0,0,0,0,2,1),
(74411,3057,0,0,0,0,0,0,2,1),
(74411,3058,0,0,0,0,0,0,2,1),
(74411,3297,0,0,0,0,0,0,2,1),
(74411,3298,0,0,0,0,0,0,2,1),
(74411,3299,0,0,0,0,0,0,2,1),
(74411,3300,0,0,0,0,0,0,2,1),
(74411,3301,0,0,0,0,0,0,2,1),
(74411,3302,0,0,0,0,0,0,2,1),
(74411,3303,0,0,0,0,0,0,2,1),
(74411,3304,0,0,0,0,0,0,2,1),
(74411,3305,0,0,0,0,0,0,2,1),
(74411,3306,0,0,0,0,0,0,2,1),
(74411,3318,0,0,0,0,0,0,2,1),
(74411,3337,0,0,0,0,0,0,2,1),
(74411,3338,0,0,0,0,0,0,2,1),
(74411,4407,0,0,0,0,0,0,2,1),
(74411,4408,0,0,0,0,0,0,2,1),
(74411,4384,0,0,0,0,0,0,2,1),
(74411,4604,0,0,0,0,0,0,2,1),
(74411,4605,0,0,0,0,0,0,2,1),
(74411,4606,0,0,0,0,0,0,2,1),
(74411,4607,0,0,0,0,0,0,2,1),
(74411,4608,0,0,0,0,0,0,2,1),
(74411,4609,0,0,0,0,0,0,2,1),
(74411,4610,0,0,0,0,0,0,2,1),
(74411,4710,0,0,0,0,0,0,2,1),
(74411,4741,0,0,0,0,0,0,2,1),
(74411,4747,0,0,0,0,0,0,2,1),
(74411,4748,0,0,0,0,0,0,2,1),
(74411,4749,0,0,0,0,0,0,2,1),
(74411,4750,0,0,0,0,0,0,2,1),
(74411,4751,0,0,0,0,0,0,2,1),
(74411,4752,0,0,0,0,0,0,2,1),
(74411,4753,0,0,0,0,0,0,2,1),
(74410,4406,0,0,0,0,0,0,2,1),
(74410,3968,0,0,0,0,0,0,2,1),
(74410,3638,0,0,0,0,0,0,2,1),
(74410,3698,0,0,0,0,0,0,2,1),
(74410,3702,0,0,0,0,0,0,2,1),
(74410,4378,0,0,0,0,0,0,2,1),
(72293,4812,0,0,0,0,0,0,2,0),
(73001,4892,0,0,0,0,0,0,2,0),
(68719,4741,0,0,0,0,0,0,2,0),
(68719,4747,0,0,0,0,0,0,2,0),
(68719,4748,0,0,0,0,0,0,2,0),
(68719,4749,0,0,0,0,0,0,2,0),
(68719,4750,0,0,0,0,0,0,2,0),
(68719,4751,0,0,0,0,0,0,2,0),
(68719,4752,0,0,0,0,0,0,2,0),
(68719,4753,0,0,0,0,0,0,2,0),
(68719,4710,0,0,0,0,0,0,2,0),
(68720,4741,0,0,0,0,0,0,2,0),
(68720,4747,0,0,0,0,0,0,2,0),
(68720,4748,0,0,0,0,0,0,2,0),
(68720,4749,0,0,0,0,0,0,2,0),
(68720,4750,0,0,0,0,0,0,2,0),
(68720,4751,0,0,0,0,0,0,2,0),
(68720,4752,0,0,0,0,0,0,2,0),
(68720,4710,0,0,0,0,0,0,2,0),
(68720,4753,0,0,0,0,0,0,2,0),
(75434,393,25444,1,25444,0,0,0,2,1),
(75434,367,25444,1,25444,0,0,0,2,1),
(74982,368,25446,1,25446,0,0,0,2,1),
(55164,4197,0,0,0,0,8326,65527,2,1),
(48358,4151,0,0,0,0,0,0,2,1),
(48358,4152,0,0,0,0,0,0,2,1),
(48358,4153,0,0,0,0,0,0,2,1),
(48358,4154,0,0,0,0,0,0,2,1),
(48358,4155,0,0,0,0,0,0,2,1),
(48358,4156,0,0,0,0,0,0,2,1),
(48358,4157,0,0,0,0,0,0,2,1),
(48358,4158,0,0,0,0,0,0,2,1),
(48358,4160,0,0,0,0,0,0,2,1),
(48358,4161,0,0,0,0,0,0,2,1),
(48358,4162,0,0,0,0,0,0,2,1),
(48358,4163,0,0,0,0,0,0,2,1),
(48358,4164,0,0,0,0,0,0,2,1),
(48358,4165,0,0,0,0,0,0,2,1),
(48358,4166,0,0,0,0,0,0,2,1),
(48358,4167,0,0,0,0,0,0,2,1),
(48358,4168,0,0,0,0,0,0,2,1),
(48358,4169,0,0,0,0,0,0,2,1),
(48358,4170,0,0,0,0,0,0,2,1),
(48358,4171,0,0,0,0,0,0,2,1),
(48358,4172,0,0,0,0,0,0,2,1),
(48358,4173,0,0,0,0,0,0,2,1),
(48358,4174,0,0,0,0,0,0,2,1),
(48358,4175,0,0,0,0,0,0,2,1),
(48358,4176,0,0,0,0,0,0,2,1),
(48358,4177,0,0,0,0,0,0,2,1),
(48358,4178,0,0,0,0,0,0,2,1),
(48358,4179,0,0,0,0,0,0,2,1),
(48358,4180,0,0,0,0,0,0,2,1),
(48358,4181,0,0,0,0,0,0,2,1),
(48358,4182,0,0,0,0,0,0,2,1),
(48358,4183,0,0,0,0,0,0,2,1),
(48358,4184,0,0,0,0,0,0,2,1),
(48358,4185,0,0,0,0,0,0,2,1),
(48358,4186,0,0,0,0,0,0,2,1),
(48358,4187,0,0,0,0,0,0,2,1),
(48358,4188,0,0,0,0,0,0,2,1),
(48358,4189,0,0,0,0,0,0,2,1),
(48358,4190,0,0,0,0,0,0,2,1),
(48358,4191,0,0,0,0,0,0,2,1),
(48358,4192,0,0,0,0,0,0,2,1),
(48358,4193,0,0,0,0,0,0,2,1),
(48358,4194,0,0,0,0,0,0,2,1),
(48358,4195,0,0,0,0,0,0,2,1),
(48358,4198,0,0,0,0,0,0,2,1),
(48358,4123,0,0,0,0,0,0,2,1),
(48358,4124,0,0,0,0,0,0,2,1),
(48358,4125,0,0,0,0,0,0,2,1),
(48358,4127,0,0,0,0,0,0,2,1),
(48358,4130,0,0,0,0,0,0,2,1),
(48358,4132,0,0,0,0,0,0,2,1),
(48358,4133,0,0,0,0,0,0,2,1),
(48358,4134,0,0,0,0,0,0,2,1),
(48358,4141,0,0,0,0,0,0,2,1),
(48358,4143,0,0,0,0,0,0,2,1),
(48358,4146,0,0,0,0,0,0,2,1),
(48358,4396,0,0,0,0,0,0,2,1),
(48358,4414,0,0,0,0,0,0,2,1),
(48358,4478,0,0,0,0,0,0,2,1),
(56526,4435,13007,1,13007,0,0,0,2,1),
(70056,4904,0,0,0,0,0,690,2,1),
(70057,4904,0,0,0,0,0,1101,2,1),
(68132,4741,0,0,0,0,0,0,2,1),
(49416,4519,13399,1,0,0,0,1101,2,1),
(27769,4071,0,0,0,0,0,0,2,1),
(55858,4440,12924,1,0,0,0,0,2,1),
(55858,4495,12924,1,12924,0,0,0,2,1),
(54502,4446,13057,1,0,0,0,0,2,1),
(145389,6757,0,0,0,0,0,0,2,0),
(128943,6484,0,0,0,0,0,18875469,2,1),
(131526,6519,0,0,0,0,0,33555378,2,1),
(92237,257,0,0,0,0,0,0,2,1),
(102393,5846,0,0,29419,0,0,0,2,1),
(102393,5825,0,0,29419,0,0,0,2,1),
(102395,5846,0,0,29419,0,0,0,2,1),
(102395,5825,0,0,29419,0,0,0,2,1),
(116421,5848,29414,1,0,0,0,0,2,1),
(102403,5825,29524,1,29524,0,0,0,2,1),
(102403,5834,29524,1,29524,0,0,0,2,1),
(102403,5843,29524,1,29524,0,0,0,2,1),
(116571,5862,0,0,0,0,0,0,2,1),
(102398,5835,0,0,29523,0,0,0,2,1),
(60922,5829,0,0,29786,0,0,0,2,1),
(114611,5834,29408,1,0,0,0,0,2,1),
(78284,109,26215,1,26232,0,0,0,2,1),
(79343,109,26232,1,0,0,0,0,2,1);

-- ---------------------------------------------------------------- spell_loot_template
INSERT INTO `spell_loot_template` (`entry`,`item`,`ChanceOrQuestChance`,`groupid`,`mincountOrRef`,`maxcount`,`condition_id`) VALUES
(148104,101811,0,1,1,1,0),
(148104,101812,0,1,1,1,0),
(148104,101813,0,1,1,1,0),
(148104,101814,0,1,1,1,0),
(148104,101815,0,1,1,1,0),
(148104,101816,0,1,1,1,0),
(148104,101817,0,1,1,1,0),
(148104,101818,0,1,1,1,0),
(148104,101801,0,1,1,1,0),
(148104,101802,0,1,1,1,0),
(148104,101803,0,1,1,1,0),
(148104,101804,0,1,1,1,0),
(148104,101806,0,1,1,1,0),
(148104,101807,0,1,1,1,0),
(148104,101808,0,1,1,1,0),
(148104,101810,0,1,1,1,0),
(148103,101781,0,1,1,1,0),
(148103,101782,0,1,1,1,0),
(148103,101783,0,1,1,1,0),
(148103,101784,0,1,1,1,0),
(148103,101785,0,1,1,1,0),
(148103,101786,0,1,1,1,0),
(148103,101787,0,1,1,1,0),
(148103,101788,0,1,1,1,0),
(148103,101862,0,1,1,1,0),
(148103,101863,0,1,1,1,0),
(148103,101864,0,1,1,1,0),
(148103,101865,0,1,1,1,0),
(148103,101866,0,1,1,1,0),
(148103,101867,0,1,1,1,0),
(148103,101868,0,1,1,1,0),
(148103,101869,0,1,1,1,0),
(147597,101851,0,1,1,1,0),
(147597,101853,0,1,1,1,0),
(147597,101854,0,1,1,1,0),
(147597,101855,0,1,1,1,0),
(147597,101856,0,1,1,1,0),
(147597,101858,0,1,1,1,0),
(147597,101859,0,1,1,1,0),
(147597,101861,0,1,1,1,0),
(147597,101789,0,1,1,1,0),
(147597,101791,0,1,1,1,0),
(147597,101792,0,1,1,1,0),
(147597,101793,0,1,1,1,0),
(147597,101794,0,1,1,1,0),
(147597,101796,0,1,1,1,0),
(147597,101797,0,1,1,1,0),
(147597,101799,0,1,1,1,0),
(147597,101819,0,1,1,1,0),
(147597,101820,0,1,1,1,0),
(147597,101821,0,1,1,1,0),
(147597,101822,0,1,1,1,0),
(147597,101823,0,1,1,1,0),
(147597,101824,0,1,1,1,0),
(147597,101825,0,1,1,1,0),
(148099,101830,0,1,1,1,0),
(148099,101831,0,1,1,1,0),
(148099,101832,0,1,1,1,0),
(148099,101833,0,1,1,1,0),
(148099,101834,0,1,1,1,0),
(148099,101835,0,1,1,1,0),
(148099,101836,0,1,1,1,0),
(148099,101837,0,1,1,1,0),
(148099,101838,0,1,1,1,0),
(148099,101839,0,1,1,1,0),
(148099,101840,0,1,1,1,0),
(148099,101841,0,1,1,1,0),
(148099,101842,0,1,1,1,0),
(148099,101843,0,1,1,1,0),
(148099,101844,0,1,1,1,0),
(148099,101845,0,1,1,1,0),
(53831,39900,100,0,1,1,0),
(53832,39905,100,0,1,1,0),
(53843,39907,100,0,1,1,0),
(53844,39908,100,0,1,1,0),
(53845,39909,100,0,1,1,0),
(53852,39912,100,0,1,1,0),
(53856,39918,100,0,1,1,0),
(53871,41453,10,1,1,1,0),
(53871,39940,90,1,1,1,0),
(53870,41468,10,1,1,1,0),
(53870,39933,90,1,1,1,0),
(53869,41451,10,1,1,1,0),
(53869,39939,90,1,1,1,0),
(53865,41455,10,1,1,1,0),
(53865,39945,90,1,1,1,0),
(53861,41462,10,1,1,1,0),
(53861,39942,90,1,1,1,0),
(53860,41450,10,1,1,1,0),
(53860,39935,90,1,1,1,0),
(53859,41461,10,1,1,1,0),
(53859,39934,90,1,1,1,0),
(53857,41445,10,1,1,1,0),
(53857,39917,90,1,1,1,0),
(53854,41447,10,1,1,1,0),
(53854,39915,90,1,1,1,0),
(51771,38631,100,0,1,1,0),
(53920,41466,10,1,1,1,0),
(53920,39978,90,1,1,1,0),
(53919,41476,10,1,1,1,0),
(53919,39977,90,1,1,1,0),
(53918,41464,10,1,1,1,0),
(53918,39976,90,1,1,1,0),
(53917,41481,10,1,1,1,0),
(53917,39975,90,1,1,1,0),
(53894,41452,10,1,1,1,0),
(53894,39968,90,1,1,1,0),
(53893,41498,10,1,1,1,0),
(53893,39967,90,1,1,1,0),
(53892,41482,10,1,1,1,0),
(53892,39966,90,1,1,1,0),
(53891,41490,10,1,1,1,0),
(53891,39965,90,1,1,1,0),
(53885,41497,10,1,1,1,0),
(53885,39959,90,1,1,1,0),
(53884,41486,10,1,1,1,0),
(53884,39958,90,1,1,1,0),
(53883,41502,10,1,1,1,0),
(53883,39957,90,1,1,1,0),
(53872,39947,90,1,1,1,0),
(53872,41492,10,1,1,1,0),
(53873,39948,90,1,1,1,0),
(53873,41488,10,1,1,1,0),
(53874,39949,90,1,1,1,0),
(53874,41483,10,1,1,1,0),
(53875,39950,90,1,1,1,0),
(53875,41499,10,1,1,1,0),
(53876,39951,90,1,1,1,0),
(53876,41489,10,1,1,1,0),
(53877,39952,90,1,1,1,0),
(53877,41484,10,1,1,1,0),
(53879,39954,90,1,1,1,0),
(53879,41493,10,1,1,1,0),
(53880,39955,90,1,1,1,0),
(53880,41485,10,1,1,1,0),
(53882,39956,90,1,1,1,0),
(53882,41495,10,1,1,1,0),
(53921,39979,90,1,1,1,0),
(53921,41473,10,1,1,1,0),
(53922,39980,90,1,1,1,0),
(53922,41470,10,1,1,1,0),
(53923,39981,90,1,1,1,0),
(53923,41475,10,1,1,1,0),
(53924,39982,90,1,1,1,0),
(53924,41480,10,1,1,1,0),
(53925,39983,90,1,1,1,0),
(53925,41467,10,1,1,1,0),
(53932,39991,90,1,1,1,0),
(53932,41478,10,1,1,1,0),
(53933,39992,90,1,1,1,0),
(53933,41474,10,1,1,1,0),
(53934,39919,90,1,1,1,0),
(53934,41441,10,1,1,1,0),
(53941,39927,90,1,1,1,0),
(53941,41440,10,1,1,1,0),
(53943,39932,90,1,1,1,0),
(53943,41443,10,1,1,1,0),
(54017,39910,90,1,1,1,0),
(54017,41437,10,1,1,1,0);

-- ---------------------------------------------------------------- spell_proc_event  (family mask replicated across effect-index mask sets A/B/C)
INSERT INTO `spell_proc_event` (`entry`,`SchoolMask`,`SpellFamilyName`,`SpellFamilyMaskA0`,`SpellFamilyMaskA1`,`SpellFamilyMaskA2`,`SpellFamilyMaskB0`,`SpellFamilyMaskB1`,`SpellFamilyMaskB2`,`SpellFamilyMaskC0`,`SpellFamilyMaskC1`,`SpellFamilyMaskC2`,`procFlags`,`procEx`,`ppmRate`,`CustomChance`,`Cooldown`) VALUES
(1463,0,0,0,0,0,0,0,0,0,0,0,0,1024,0,0,0),
(25988,0,0,0,0,0,0,0,0,0,0,0,65536,0,0,0,0),
(12968,0,0,0,0,0,0,0,0,0,0,0,0,65536,0,0,0),
(12972,0,0,0,0,0,0,0,0,0,0,0,0,2,0,0,0),
(16278,0,0,0,0,0,0,0,0,0,0,0,0,65536,0,0,0),
(16282,0,0,0,0,0,0,0,0,0,0,0,0,2,0,0,0),
(16961,0,0,0,0,0,0,0,0,0,0,0,0,2,0,0,0),
(17619,0,13,0,0,0,0,0,0,0,0,0,32768,0,0,0,0),
(26016,0,0,0,0,0,0,0,0,0,0,0,0,0,2,0,0),
(29838,0,0,0,0,0,0,0,0,0,0,0,0,65536,0,0,0),
(30884,0,0,0,0,0,0,0,0,0,0,0,0,0,0,0,30),
(32409,0,0,0,0,0,0,0,0,0,0,0,0,0,0,0,0),
(60524,0,0,0,0,0,0,0,0,0,0,0,0,65536,0,0,0),
(34954,0,0,0,0,0,0,0,0,0,0,0,0,2,0,0,0),
(35551,0,0,0,0,0,0,0,0,0,0,0,8388608,0,0,0,0),
(36111,0,0,0,0,0,0,0,0,0,0,0,0,0,0,0,0),
(47515,0,0,0,0,0,0,0,0,0,0,0,0,2,0,0,0),
(28305,0,0,0,0,0,0,0,0,0,0,0,0,65536,0,0,0),
(51128,0,0,0,0,0,0,0,0,0,0,0,0,0,4,0,0),
(51530,0,0,0,0,0,0,0,0,0,0,0,0,0,7.5,0,0),
(51701,0,0,0,0,0,0,0,0,0,0,0,0,2,0,100,1),
(51915,0,0,0,0,0,0,0,0,0,0,0,16777216,0,0,100,600),
(55381,0,0,0,0,0,0,0,0,0,0,0,0,65536,0,0,15),
(56611,0,0,0,0,0,0,0,0,0,0,0,0,2,0,0,0),
(65002,0,0,0,0,0,0,0,0,0,0,0,0,0,0,0,45),
(65005,0,0,0,0,0,0,0,0,0,0,0,0,0,0,0,45),
(64999,0,0,0,0,0,0,0,0,0,0,0,0,0,5,0,0),
(65007,0,0,0,0,0,0,0,0,0,0,0,81920,0,0,0,0),
(65013,0,0,0,0,0,0,0,0,0,0,0,0,2,0,0,45),
(65020,0,0,0,0,0,0,0,0,0,0,0,0,0,0,0,45),
(65025,0,0,0,0,0,0,0,0,0,0,0,0,0,0,0,45),
(64415,0,0,0,0,0,0,0,0,0,0,0,0,0,0,0,45),
(62115,0,0,0,0,0,0,0,0,0,0,0,0,0,0,0,45),
(62114,0,0,0,0,0,0,0,0,0,0,0,0,0,0,0,45),
(64714,0,0,0,0,0,0,0,0,0,0,0,0,0,0,0,45),
(64738,0,0,0,0,0,0,0,0,0,0,0,0,0,0,0,45),
(64742,0,0,0,0,0,0,0,0,0,0,0,0,0,0,0,45),
(64786,0,0,0,0,0,0,0,0,0,0,0,0,0,0,0,15),
(64792,0,0,0,0,0,0,0,0,0,0,0,0,2,0,0,45),
(13165,0,0,0,0,0,0,0,0,0,0,0,64,0,0,0,0),
(49542,0,0,0,0,0,0,0,0,0,0,0,0,0,0,6,20),
(67670,0,0,0,0,0,0,0,0,0,0,0,65536,0,0,0,45),
(67653,0,0,0,0,0,0,0,0,0,0,0,4194344,0,0,0,45),
(51462,0,0,0,0,0,0,0,0,0,0,0,4,0,0,0,0),
(72417,0,0,0,0,0,0,0,0,0,0,0,327680,0,0,0,60),
(72419,0,0,0,0,0,0,0,0,0,0,0,0,0,0,0,60),
(53386,48,0,0,0,0,0,0,0,0,0,0,87312,0,0,0,0),
(71903,0,0,0,0,0,0,0,0,0,0,0,0,0,0,20,0),
(70672,0,0,0,0,0,0,0,0,0,0,0,0,0,0,0,0),
(49509,0,0,0,0,0,0,0,0,0,0,0,0,51,0,0,0),
(91023,1,8,0,0,0,0,0,0,0,0,0,0,65536,0,100,0),
(12598,64,3,0,0,0,0,0,0,0,0,0,0,65536,0,100,0),
(115174,0,53,0,262146,0,0,262146,0,0,262146,0,0,1,0,0,0);

-- ---------------------------------------------------------------- spell_target_position  (teleport spell destinations (first effect index per spell))
INSERT INTO `spell_target_position` (`id`,`target_map`,`target_position_x`,`target_position_y`,`target_position_z`,`target_orientation`) VALUES
(121850,530,-4029.93,-11572.2,-138.296,2.43),
(121855,530,9998.49,-7106.78,47.7055,2.44),
(121853,530,-1823.71,5416.97,-12.4274,2.79036),
(121854,530,-1904.76,5443.43,-12.4272,5.96),
(121847,571,5807.75,588.347,661.505,1.663),
(70781,631,-17.0711,2211.47,30.0546,3.14159),
(70856,631,-503.593,2211.47,62.7621,3.14159),
(70857,631,-615.146,2211.47,199.909,0),
(70858,631,-549.073,2211.29,539.223,0),
(70859,631,4199.48,2769.32,351.372,3.12414),
(70861,631,4356.58,2565.75,220.402,4.71238),
(70860,631,529.302,-2124.49,840.857,3.1765),
(121861,732,-603.724,1387.62,22.0498,0.469644),
(121851,0,-4613.71,-915.287,501.062,0),
(121857,0,-8998.14,861.254,29.6206,2.25),
(121858,1,-3748.11,-4440.21,30.5688,3.95172),
(121852,1,1776.5,-4338.8,-7.48,3.55349),
(121860,732,-369.208,1058.73,21.7719,0.634577),
(121849,1,9656.54,2518.26,1331.66,0),
(121859,1,-967.375,284.82,110.773,3.19999),
(121862,0,1773.42,61.7391,-46.3215,0),
(64014,603,-705.971,-92.5573,430.819,0),
(64024,603,2086.22,-24.0538,422.289,0),
(64025,603,2518.13,2569.34,412.682,0),
(64028,603,553.243,-12.309,410.543,0),
(64029,603,1859.56,-24.8377,449.194,6.23082),
(64030,603,1497.99,-24.1616,421.625,0.0349066),
(64031,603,926.292,-11.4444,418.978,0.0174533),
(64032,603,131.139,-35.3681,410.187,0),
(65042,603,1855.07,-11.4879,334.559,5.53269),
(121856,0,-10469,-3331.54,25.4716,0.98606),
(140395,1098,5633.36,4679.78,55.6488,210.507),
(86278,0,-5201.42,477.913,388.5,5.2577),
(125060,870,3138.64,-721.332,324.984,0.38),
(130321,870,-668.56,-1482.19,130.2,5.97),
(149407,1136,740.76,1146.38,356.07,4.9);

-- ---------------------------------------------------------------- spell_threat
INSERT INTO `spell_threat` (`entry`,`Threat`,`multiplier`,`ap_bonus`) VALUES
(8056,0,2,0),
(23455,0,0,0),
(32546,0,0.5,0),
(33619,0,0,0),
(45524,240,1,0),
(43265,0,1.9,0),
(49576,110,1,0),
(48743,0,0,0),
(47568,0,0,0),
(49039,110,1,0),
(55090,51,1,0),
(17057,0,0,0),
(5211,53,1,0),
(45334,40,1,0),
(34299,0,0,0),
(29166,0,10,0),
(498,0,0,0),
(1464,18,1,0);

-- ---------------------------------------------------------------- transports
INSERT INTO `transports` (`entry`,`name`,`period`) VALUES
(177233,'The Forgotten Coast, Feralas and Feathermoon Stronghold, Sardor Isle, Feralas ("Feathermoon Ferry")',259747);

-- ---------------------------------------------------------------- reputation_reward_rate

-- ---------------------------------------------------------------- disables
INSERT INTO `disables` (`sourceType`,`entry`,`flags`,`data`,`comment`) VALUES
(0,16378,64,0,'Ignore LOS for Krakles Thermometer'),
(0,31696,64,0,'Ignore LOS on Thane'),
(0,45949,64,0,'Ignore LOS on Release Aberration'),
(0,32205,64,0,'Ignore LOS for Place Mag''har Battle Standard'),
(0,53038,64,0,'Disable Vmaps for Didgeridoo of Contemplation'),
(1,4734,0,0,'Disable Quest 4734: Egg Freezing'),
(1,2969,0,0,'Disable Quest 2969: Freedom for All Creatures'),
(1,5383,0,0,'Disable Quest 5383: Krastinov''s Bag of Horrors'),
(1,30520,0,0,'Disable Quest 30520: Tummy Trouble'),
(1,9942,0,0,'Disable Quest 9942: Tracking Down the Culprits'),
(1,9657,0,0,'Disable Quest 9657: Deprecated: Offensive Channeling'),
(1,29259,0,0,'Disable Quest 29259: [DEPRECATED] Hide and Seek'),
(1,328,0,0,'Disable Quest 328: The Hidden Key'),
(1,7962,0,0,'Disable Quest 7962: [DEPRECATED] Wabbit Pelts'),
(1,25076,0,0,'Disable Quest 25076: Taming the Beast'),
(1,30965,0,0,'Disable Quest 30965: Herding Cats'),
(1,498,0,0,'Disable Quest 498: [DEPRECATED] The Rescue'),
(1,503,0,0,'Disable Quest 503: [DEPRECATED] Gol''dir'),
(1,613,0,0,'Disable Quest 613: Cracking Maury''s Foot'),
(1,9655,0,0,'Disable Quest 9655: Deprecated: Healing Amplification'),
(1,9347,0,0,'Disable Quest 9347: Voidwalkers Gone Wild'),
(1,9656,0,0,'Disable Quest 9656: Deprecated: Lethality First'),
(1,14000,0,0,'Disable Quest 14000: Hunt or Be Hunted'),
(1,14427,0,0,'Disable Quest 14427: Item Quest'),
(1,11934,0,0,'Disable Quest 11934: Unlocking Your Potential [PH]'),
(1,9411,0,0,'Disable Quest 9411: <UNUSED>Infused Bandages'),
(1,5511,0,0,'Disable Quest 5511: The Key to Scholomance'),
(1,9481,0,0,'Disable Quest 9481: <UNUSED>Light Consumable'),
(1,31099,0,0,'Disable Quest 31099: Klaxx Attack'),
(1,3825,0,0,'Disable Quest 3825: Ogre Head On A Stick = Party'),
(1,9614,0,0,'Disable Quest 9614: Deprecated: Reforge a Short Blade'),
(1,29046,0,0,'Disable Quest 29046: Chef''s Challenge: Steelback'),
(1,2359,0,0,'Disable Quest 2359: Klaven''s Tower'),
(1,2841,0,0,'Disable Quest 2841: Rig Wars'),
(1,2059,0,0,'Disable Quest 2059: <UNUSED>'),
(1,3201,0,0,'Disable Quest 3201: At Last!'),
(1,3628,0,0,'Disable Quest 3628: You Are Rakh''likh, Demon'),
(1,3802,0,0,'Disable Quest 3802: Dark Iron Legacy'),
(1,9976,0,0,'Disable Quest 9976: Primal Magic'),
(1,5505,0,0,'Disable Quest 5505: The Key to Scholomance'),
(1,26151,0,0,'Disable Quest 26151: Dark Letter'),
(1,7521,0,0,'Disable Quest 7521: Thunderaan the Windseeker'),
(1,7522,0,0,'Disable Quest 7522: Examine the Vessel'),
(1,9459,0,0,'Disable Quest 9459: <UNUSED>Anti-crit Potion'),
(1,9482,0,0,'Disable Quest 9482: <UNUSED>Nature Resist Potion'),
(1,9478,0,0,'Disable Quest 9478: <UNUSED>Portable Healing Font'),
(1,29048,0,0,'Disable Quest 29048: Chef''s Challenge: Grumpfin'),
(1,10029,0,0,'Disable Quest 10029: The Spirits Are Calling'),
(1,12001,0,0,'Disable Quest 12001: zzOLDHunting Tarot: Lesser Beasts'),
(1,10244,0,0,'Disable Quest 10244: R.T.F.R.C.M.'),
(1,9975,0,0,'Disable Quest 9975: Primal Magic'),
(1,32375,0,0,'Disable Quest 32375: A Dash of That'),
(1,10133,0,0,'Disable Quest 10133: Mission: Kill the Messenger'),
(1,10135,0,0,'Disable Quest 10135: Mission: Be the Messenger'),
(1,10147,0,0,'Disable Quest 10147: Mission: Kill the Messenger'),
(1,10148,0,0,'Disable Quest 10148: Mission: Be the Messenger'),
(1,9650,0,0,'Disable Quest 9650: Deprecated: Magical Augmentation'),
(1,9654,0,0,'Disable Quest 9654: Deprecated: A Well Rounded Defense'),
(1,9479,0,0,'Disable Quest 9479: <UNUSED>Glorious Standard of the Alliance'),
(1,9308,0,0,'Disable Quest 9308: <DEPRECATED>Blood Elf Remains?'),
(1,9660,0,0,'Disable Quest 9660: Deprecated: Lethality First'),
(1,14441,0,0,'Disable Quest 14441: Garrosh''s Autograph'),
(1,260,0,0,'Disable Quest 260: <UNUSED>'),
(1,316,0,0,'Disable Quest 316: <UNUSED 1>'),
(1,6201,0,0,'Disable Quest 6201: <UNUSED> The Legacy of the Ashbringer'),
(1,12626,0,0,'Disable Quest 12626: Company of the Damned'),
(1,9231,0,0,'Disable Quest 9231: reuse'),
(1,912,0,0,'Disable Quest 912: Stonesplinter Trogg Disguise'),
(1,2058,0,0,'Disable Quest 2058: <UNUSED>'),
(1,3111,0,0,'Disable Quest 3111: <UNUSED> [DEPRECATED]'),
(1,29550,0,0,'Disable Quest 29550: Saving Snowpuff'),
(1,4299,0,0,'Disable Quest 4299: <NYI> <TXT>The Tomb of the Seven'),
(1,7561,0,0,'Disable Quest 7561: Rise, Thunderfury!'),
(1,14,0,0,'Disable Quest 14: The People''s Militia'),
(1,7361,0,0,'Disable Quest 7361: Favor Amongst the Darkspear'),
(1,7362,0,0,'Disable Quest 7362: Ally of the Tauren'),
(1,7364,0,0,'Disable Quest 7364: Gnomeregan Bounty'),
(1,7365,0,0,'Disable Quest 7365: Staghelm''s Requiem'),
(1,7366,0,0,'Disable Quest 7366: The Archbishop''s Mercy'),
(1,6702,0,0,'Disable Quest 6702: [DEPRECATED] <TXT> SF, RFK, GNOMER, BF'),
(1,7401,0,0,'Disable Quest 7401: Wanted: DWARVES!'),
(1,7402,0,0,'Disable Quest 7402: WANTED: Orcs!'),
(1,7421,0,0,'Disable Quest 7421: Darkspear Defense'),
(1,7422,0,0,'Disable Quest 7422: Tuft it Out'),
(1,7423,0,0,'Disable Quest 7423: I''ve Got A Fever For More Bone Chips'),
(1,7424,0,0,'Disable Quest 7424: What the Hoof?'),
(1,7425,0,0,'Disable Quest 7425: Staghelm''s Mojo Jamboree'),
(1,7427,0,0,'Disable Quest 7427: Wanted: MORE DWARVES!'),
(1,7428,0,0,'Disable Quest 7428: Wanted: MORE ORCS!'),
(1,9412,0,0,'Disable Quest 9412: <UNUSED>Crystal Flake Throat Lozenge'),
(1,3581,0,0,'Disable Quest 3581: <UNUSED>'),
(1,1521,0,0,'Disable Quest 1521: Call of Earth'),
(1,6704,0,0,'Disable Quest 6704: [DEPRECATED] <TXT> SM, RFD, ULD'),
(1,7363,0,0,'Disable Quest 7363: The Human Condition'),
(1,9382,0,0,'Disable Quest 9382: The Fate of the Clefthoof'),
(1,10092,0,0,'Disable Quest 10092: Assault on Mageddon'),
(1,10217,0,0,'Disable Quest 10217: Fossil Fuel'),
(1,9941,0,0,'Disable Quest 9941: Tracking Down the Culprits'),
(1,9950,0,0,'Disable Quest 9950: A Bird''s-Eye View'),
(1,9958,0,0,'Disable Quest 9958: Scouting the Defenses'),
(1,9963,0,0,'Disable Quest 9963: Seeking Help from the Source'),
(1,9964,0,0,'Disable Quest 9964: Seeking Help from the Source'),
(1,9965,0,0,'Disable Quest 9965: A Show of Good Faith'),
(1,9966,0,0,'Disable Quest 9966: A Show of Good Faith'),
(1,9974,0,0,'Disable Quest 9974: The Final Reagents'),
(1,9348,0,0,'Disable Quest 9348: Ravager Roundup'),
(1,10925,0,0,'Disable Quest 10925: Evil Draws Near'),
(1,10088,0,0,'Disable Quest 10088: When This Mine''s a-Rockin'''),
(1,9510,0,0,'Disable Quest 9510: Bristlehide Clefthoof Hides'),
(1,10084,0,0,'Disable Quest 10084: Assault on Mageddon'),
(1,10100,0,0,'Disable Quest 10100: The Mastermind'),
(1,9342,0,0,'Disable Quest 9342: Marauding Crust Bursters'),
(1,9930,0,0,'Disable Quest 9930: The Missing Merchant'),
(1,7426,0,0,'Disable Quest 7426: One Man''s Love'),
(1,6706,0,0,'Disable Quest 6706: [DEPRECATED] <TXT> ZUL, ST, MAR'),
(1,6062,0,0,'Disable Quest 6062: Taming the Beast'),
(1,6067,0,0,'Disable Quest 6067: The Hunter''s Path'),
(1,6081,0,0,'Disable Quest 6081: Training the Beast'),
(1,6082,0,0,'Disable Quest 6082: Taming the Beast'),
(1,6083,0,0,'Disable Quest 6083: Taming the Beast'),
(1,6708,0,0,'Disable Quest 6708: [DEPRECATED] <TXT> BRD, DM, BRS'),
(1,10083,0,0,'Disable Quest 10083: The Legion''s Plans'),
(1,9947,0,0,'Disable Quest 9947: Return to Rokag'),
(1,9949,0,0,'Disable Quest 9949: A Bird''s-Eye View'),
(1,9346,0,0,'Disable Quest 9346: When Helboars Fly'),
(1,9969,0,0,'Disable Quest 9969: The Final Reagents'),
(1,9929,0,0,'Disable Quest 9929: The Final Reagents'),
(1,9959,0,0,'Disable Quest 9959: Scouting the Defenses'),
(1,9953,0,0,'Disable Quest 9953: Lookout Nodak'),
(1,9943,0,0,'Disable Quest 9943: Return to Thander'),
(1,9344,0,0,'Disable Quest 9344: A Hasty Departure'),
(1,10089,0,0,'Disable Quest 10089: Forge Camps of the Legion'),
(1,10149,0,0,'Disable Quest 10149: Mission: End All, Be All'),
(1,9952,0,0,'Disable Quest 9952: Prospector Balmoral'),
(1,10090,0,0,'Disable Quest 10090: The Legion''s Plans'),
(1,10219,0,0,'Disable Quest 10219: Walk the Dog'),
(1,10398,0,0,'Disable Quest 10398: Return to Honor Hold'),
(1,10401,0,0,'Disable Quest 10401: Mission: End All, Be All'),
(1,10841,0,0,'Disable Quest 10841: The Vengeful Harbinger'),
(1,10631,0,0,'Disable Quest 10631: Back In Business'),
(1,13150,0,0,'Disable Quest 13150: ZZOLDLost: Widget'),
(1,13299,0,0,'Disable Quest 13299: ZZOLDWisp Cloak'),
(1,10080,0,0,'Disable Quest 10080: Forge Camps of the Legion'),
(1,13303,0,0,'Disable Quest 13303: The Panchurian Candidate'),
(1,29260,0,0,'Disable Quest 29260: The Elements Cry Out'),
(1,8869,0,0,'Disable Quest 8869: Sweet Serenity'),
(1,1719,0,0,'Disable Quest 1719: The Affray'),
(1,1661,0,0,'Disable Quest 1661: The Tome of Nobility'),
(1,1518,0,0,'Disable Quest 1518: Call of Earth'),
(1,6086,0,0,'Disable Quest 6086: Training the Beast'),
(1,5,0,0,'Disable Quest 5: Jitters'' Growling Gut'),
(1,9413,0,0,'Disable Quest 9413: <UNUSED>Crystal Flake Throat Lozenge'),
(1,9414,0,0,'Disable Quest 9414: <UNUSED>Infused Bandages'),
(1,9507,0,0,'Disable Quest 9507: <DEPRECATED>From the Desk of Mogul Razdunk'),
(1,9613,0,0,'Disable Quest 9613: Deprecated: Keanna''s Will'),
(1,9652,0,0,'Disable Quest 9652: Deprecated: Physical Enhancement'),
(1,9653,0,0,'Disable Quest 9653: Deprecated: Physical Enhancement'),
(1,9658,0,0,'Disable Quest 9658: Deprecated: Offensive Channeling'),
(1,9659,0,0,'Disable Quest 9659: Deprecated: Healing Amplification'),
(1,9661,0,0,'Disable Quest 9661: Deprecated: A Well Rounded Defense'),
(1,9695,0,0,'Disable Quest 9695: The Sun King''s Command'),
(1,14020,0,0,'Disable Quest 14020: The Curse');

-- ---------------------------------------------------------------- pool_template  (spawn pools for imported MoP spawns (+100000 offset on colliding pool ids))

-- ---------------------------------------------------------------- pool_pool

-- ---------------------------------------------------------------- pool_creature

-- ---------------------------------------------------------------- pool_gameobject

-- ---------------------------------------------------------------- battlemaster_entry
INSERT INTO `battlemaster_entry` (`entry`,`bg_template`) VALUES
(20002,2),
(22656,1),
(22647,1);

SET FOREIGN_KEY_CHECKS=1;
